Name,Hex (RGB),Red (RGB),Green (RGB),Blue (RGB),Hue (HSL/HSV),Saturation (HSL),Light (HSL),Saturation (HSV),Value (HSV)
Absolute Zero ,#0048BA ,0.00%,28.00%,73.00%,217° ,100.00%,37.00%,100.00%,73.00%
Acid green ,#B0BF1A ,69.00%,75.00%,10.00%,65° ,76.00%,43.00%,76.00%,75.00%
Aero ,#7CB9E8 ,49.00%,73.00%,91.00%,206° ,70.00%,70.00%,47.00%,91.00%
African violet ,#B284BE ,70.00%,52.00%,75.00%,288° ,31.00%,63.00%,31.50%,75.00%
Air superiority blue ,#72A0C1 ,45.00%,63.00%,76.00%,205° ,39.00%,60.00%,41.00%,76.00%
Alice blue ,#F0F8FF ,94.00%,97.00%,100.00%,208° ,100.00%,97.00%,6.00%,100.00%
Alizarin ,#DB2D43 ,86.00%,18.00%,26.00%,352° ,71.00%,52.00%,79.00%,86.00%
Alloy orange ,#C46210 ,77.00%,38.00%,6.00%,27° ,85.00%,42.00%,92.00%,77.00%
Almond ,#EED9C4 ,93.00%,85.00%,77.00%,30° ,55.00%,85.00%,18.00%,93.00%
Amaranth deep purple ,#9F2B68 ,62.00%,17.00%,41.00%,328° ,57.00%,40.00%,73.00%,62.00%
Amaranth pink ,#F19CBB ,95.00%,61.00%,73.00%,338° ,75.00%,78.00%,35.00%,95.00%
Amaranth purple ,#AB274F ,67.00%,15.00%,31.00%,342° ,63.00%,41.00%,77.00%,67.00%
Amazon ,#3B7A57 ,23.00%,48.00%,34.00%,147° ,35.00%,36.00%,52.00%,48.00%
Amber ,#FFBF00 ,100.00%,75.00%,0.00%,45° ,100.00%,50.00%,100.00%,100.00%
Amethyst ,#9966CC ,60.00%,40.00%,80.00%,270° ,50.00%,60.00%,50.00%,80.00%
Android green ,#3DDC84 ,24.00%,86.00%,53.00%,148° ,69.00%,55.00%,72.00%,86.00%
Antique brass ,#C88A65 ,78.00%,54.00%,40.00%,22° ,47.00%,59.00%,49.00%,78.00%
Antique bronze ,#665D1E ,40.00%,36.00%,12.00%,53° ,55.00%,26.00%,71.00%,40.00%
Antique fuchsia ,#915C83 ,57.00%,36.00%,51.00%,316° ,22.00%,46.00%,37.00%,57.00%
Antique ruby ,#841B2D ,52.00%,11.00%,18.00%,350° ,66.00%,31.00%,80.00%,52.00%
Antique white ,#FAEBD7 ,98.00%,92.00%,84.00%,34° ,78.00%,91.00%,14.00%,98.00%
Apricot ,#FBCEB1 ,98.00%,81.00%,69.00%,24° ,90.00%,84.00%,29.00%,98.00%
Aqua ,#00FFFF ,0.00%,100.00%,100.00%,180° ,100.00%,50.00%,100.00%,100.00%
Aquamarine ,#7FFFD4 ,50.00%,100.00%,83.00%,160° ,100.00%,75.00%,50.00%,100.00%
Arctic lime ,#D0FF14 ,82.00%,100.00%,8.00%,72° ,100.00%,54.00%,92.00%,100.00%
Artichoke green ,#4B6F44 ,29.00%,44.00%,27.00%,110° ,24.00%,35.00%,39.00%,44.00%
Arylide yellow ,#E9D66B ,91.00%,84.00%,42.00%,51° ,74.00%,67.00%,54.00%,91.00%
Ash gray ,#B2BEB5 ,70.00%,75.00%,71.00%,135° ,9.00%,72.00%,6.00%,75.00%
Atomic tangerine ,#FF9966 ,100.00%,60.00%,40.00%,20° ,100.00%,70.00%,60.00%,100.00%
Aureolin ,#FDEE00 ,99.00%,93.00%,0.00%,56° ,100.00%,50.00%,100.00%,99.00%
Azure ,#007FFF ,0.00%,50.00%,100.00%,210° ,100.00%,50.00%,100.00%,100.00%
Azure (X11/web color) ,#F0FFFF ,94.00%,100.00%,100.00%,180° ,100.00%,97.00%,6.00%,100.00%
Baby blue ,#89CFF0 ,54.00%,81.00%,94.00%,199° ,77.00%,74.00%,43.00%,94.00%
Baby blue eyes ,#A1CAF1 ,63.00%,79.00%,95.00%,209° ,74.00%,79.00%,33.00%,95.00%
Baby pink ,#F4C2C2 ,96.00%,76.00%,76.00%,0° ,69.00%,86.00%,20.00%,96.00%
Baby powder ,#FEFEFA ,100.00%,100.00%,98.00%,60° ,67.00%,99.00%,2.00%,100.00%
Baker-Miller pink ,#FF91AF ,100.00%,57.00%,69.00%,344° ,100.00%,78.00%,43.00%,100.00%
Banana Mania ,#FAE7B5 ,98.00%,91.00%,71.00%,43° ,87.00%,85.00%,28.00%,98.00%
Barbie Pink ,#DA1884 ,85.00%,9.00%,52.00%,327° ,80.00%,48.00%,89.00%,85.00%
Barn red ,#7C0A02 ,49.00%,4.00%,1.00%,4° ,97.00%,25.00%,98.00%,49.00%
Battleship grey ,#848482 ,52.00%,52.00%,51.00%,60° ,1.00%,51.00%,2.00%,52.00%
Beau blue ,#BCD4E6 ,74.00%,83.00%,90.00%,206° ,46.00%,82.00%,18.00%,90.00%
Beaver ,#9F8170 ,62.00%,51.00%,44.00%,22° ,20.00%,53.00%,30.00%,62.00%
Beige ,#F5F5DC ,96.00%,96.00%,86.00%,60° ,56.00%,91.00%,10.00%,96.00%
B'dazzled blue ,#2E5894 ,18.00%,35.00%,58.00%,215° ,53.00%,38.00%,69.00%,58.00%
Big dip o’ruby ,#9C2542 ,61.00%,15.00%,26.00%,345° ,62.00%,38.00%,76.00%,61.00%
Bisque ,#FFE4C4 ,100.00%,89.00%,77.00%,33° ,100.00%,88.00%,23.00%,100.00%
Bistre ,#3D2B1F ,24.00%,17.00%,12.00%,24° ,33.00%,18.00%,49.00%,24.00%
Bistre brown ,#967117 ,59.00%,44.00%,9.00%,43° ,73.00%,34.00%,85.00%,59.00%
Bitter lemon ,#CAE00D ,79.00%,88.00%,5.00%,66° ,89.00%,47.00%,94.00%,88.00%
Black ,#000000 ,0.00%,0.00%,0.00%,—° ,0.00%,0.00%,0.00%,0.00%
Black bean ,#3D0C02 ,24.00%,5.00%,1.00%,10° ,94.00%,12.00%,97.00%,24.00%
Black coral ,#54626F ,33.00%,38.00%,44.00%,209° ,14.00%,38.00%,24.00%,44.00%
Black olive ,#3B3C36 ,23.00%,24.00%,21.00%,70° ,5.00%,22.00%,10.00%,24.00%
Black Shadows ,#BFAFB2 ,75.00%,69.00%,70.00%,349° ,11.00%,72.00%,8.00%,75.00%
Blanched almond ,#FFEBCD ,100.00%,92.00%,80.00%,36° ,100.00%,90.00%,20.00%,100.00%
Blast-off bronze ,#A57164 ,65.00%,44.00%,39.00%,12° ,27.00%,52.00%,39.00%,65.00%
Bleu de France ,#318CE7 ,19.00%,55.00%,91.00%,210° ,79.00%,55.00%,79.00%,91.00%
Blizzard blue ,#ACE5EE ,67.00%,90.00%,93.00%,188° ,66.00%,80.00%,28.00%,93.00%
Blood red ,#660000 ,40.00%,0.00%,0.00%,0° ,100.00%,20.00%,100.00%,40.00%
Blue ,#0000FF ,0.00%,0.00%,100.00%,240° ,100.00%,50.00%,100.00%,100.00%
Blue (Crayola) ,#1F75FE ,12.00%,46.00%,100.00%,217° ,99.00%,56.00%,88.00%,100.00%
Blue (Munsell) ,#0093AF ,0.00%,58.00%,69.00%,190° ,100.00%,34.00%,100.00%,69.00%
Blue (NCS) ,#0087BD ,0.00%,53.00%,74.00%,197° ,100.00%,37.00%,100.00%,74.00%
Blue (Pantone) ,#0018A8 ,0.00%,9.00%,66.00%,231° ,100.00%,33.00%,100.00%,66.00%
Blue (pigment) ,#333399 ,20.00%,20.00%,60.00%,240° ,50.00%,40.00%,67.00%,60.00%
Blue bell ,#A2A2D0 ,64.00%,64.00%,82.00%,240° ,33.00%,73.00%,22.00%,82.00%
Blue-gray (Crayola) ,#6699CC ,40.00%,60.00%,80.00%,210° ,50.00%,60.00%,50.00%,80.00%
Blue jeans ,#5DADEC ,36.00%,68.00%,93.00%,206° ,79.00%,65.00%,61.00%,93.00%
Blue sapphire ,#126180 ,7.00%,38.00%,50.00%,197° ,75.00%,29.00%,86.00%,50.00%
Blue-violet ,#8A2BE2 ,54.00%,17.00%,89.00%,271° ,76.00%,53.00%,81.00%,89.00%
Blue yonder ,#5072A7 ,31.00%,45.00%,65.00%,217° ,35.00%,48.00%,52.00%,65.00%
Bluetiful ,#3C69E7 ,24.00%,41.00%,91.00%,224° ,78.00%,57.00%,74.00%,91.00%
Blush ,#DE5D83 ,87.00%,36.00%,51.00%,342° ,66.00%,62.00%,58.00%,87.00%
Bole ,#79443B ,47.00%,27.00%,23.00%,9° ,34.00%,35.00%,51.00%,47.00%
Bone ,#E3DAC9 ,89.00%,85.00%,79.00%,39° ,32.00%,84.00%,11.00%,89.00%
Brick red ,#CB4154 ,80.00%,25.00%,33.00%,352° ,57.00%,53.00%,68.00%,80.00%
Bright lilac ,#D891EF ,85.00%,57.00%,94.00%,285° ,75.00%,75.00%,39.00%,94.00%
Bright yellow (Crayola) ,#FFAA1D ,100.00%,67.00%,11.00%,37° ,100.00%,56.00%,89.00%,100.00%
British racing green ,#004225 ,0.00%,26.00%,15.00%,154° ,100.00%,13.00%,100.00%,26.00%
Bronze ,#CD7F32 ,80.00%,50.00%,20.00%,30° ,61.00%,50.00%,76.00%,80.00%
Brown ,#964B00 ,59.00%,29.00%,0.00%,30° ,100.00%,29.00%,100.00%,59.00%
Brown sugar ,#AF6E4D ,69.00%,43.00%,30.00%,20° ,39.00%,49.00%,56.00%,69.00%
Bud green ,#7BB661 ,48.00%,71.00%,38.00%,102° ,37.00%,55.00%,47.00%,71.00%
Buff ,#FFC680 ,100.00%,78.00%,50.00%,33° ,100.00%,75.00%,50.00%,100.00%
Burgundy ,#800020 ,50.00%,0.00%,13.00%,345° ,100.00%,25.00%,100.00%,50.00%
Burlywood ,#DEB887 ,87.00%,72.00%,53.00%,34° ,57.00%,70.00%,39.00%,87.00%
Burnished brown ,#A17A74 ,63.00%,48.00%,45.00%,8° ,19.00%,54.00%,28.00%,63.00%
Burnt orange ,#CC5500 ,80.00%,33.00%,0.00%,25° ,100.00%,40.00%,100.00%,80.00%
Burnt sienna ,#E97451 ,91.00%,45.00%,32.00%,14° ,78.00%,62.00%,65.00%,91.00%
Burnt umber ,#8A3324 ,54.00%,20.00%,14.00%,9° ,59.00%,34.00%,74.00%,54.00%
Byzantine ,#BD33A4 ,74.00%,20.00%,64.00%,311° ,58.00%,47.00%,73.00%,74.00%
Byzantium ,#702963 ,44.00%,16.00%,39.00%,311° ,46.00%,30.00%,63.00%,44.00%
Cadet blue ,#5F9EA0 ,37.00%,62.00%,63.00%,182° ,26.00%,50.00%,41.00%,63.00%
Cadet grey ,#91A3B0 ,57.00%,64.00%,69.00%,205° ,16.00%,63.00%,18.00%,69.00%
Cadmium green ,#006B3C ,0.00%,42.00%,24.00%,154° ,100.00%,21.00%,100.00%,42.00%
Cadmium orange ,#ED872D ,93.00%,53.00%,18.00%,28° ,84.00%,55.00%,81.00%,93.00%
Café au lait ,#A67B5B ,65.00%,48.00%,36.00%,26° ,30.00%,50.00%,45.00%,65.00%
Café noir ,#4B3621 ,29.00%,21.00%,13.00%,30° ,39.00%,21.00%,56.00%,29.00%
Cambridge blue ,#A3C1AD ,64.00%,76.00%,68.00%,140° ,20.00%,70.00%,16.00%,76.00%
Camel ,#C19A6B ,76.00%,60.00%,42.00%,33° ,41.00%,59.00%,45.00%,76.00%
Cameo pink ,#EFBBCC ,94.00%,73.00%,80.00%,340° ,62.00%,84.00%,22.00%,94.00%
Canary ,#FFFF99 ,100.00%,100.00%,60.00%,60° ,100.00%,80.00%,40.00%,100.00%
Canary yellow ,#FFEF00 ,100.00%,94.00%,0.00%,56° ,100.00%,50.00%,100.00%,100.00%
Candy pink ,#E4717A ,89.00%,44.00%,48.00%,355° ,68.00%,67.00%,50.00%,89.00%
Cardinal ,#C41E3A ,77.00%,12.00%,23.00%,350° ,74.00%,44.00%,85.00%,77.00%
Caribbean green ,#00CC99 ,0.00%,80.00%,60.00%,165° ,100.00%,40.00%,100.00%,80.00%
Carmine ,#960018 ,59.00%,0.00%,9.00%,350° ,100.00%,29.00%,100.00%,59.00%
Carmine (M&P) ,#D70040 ,84.00%,0.00%,25.00%,342° ,100.00%,42.00%,100.00%,84.00%
Carnation pink ,#FFA6C9 ,100.00%,65.00%,79.00%,336° ,100.00%,83.00%,35.00%,100.00%
Carnelian ,#B31B1B ,70.00%,11.00%,11.00%,0° ,74.00%,40.00%,85.00%,70.00%
Carolina blue ,#56A0D3 ,34.00%,63.00%,83.00%,204° ,59.00%,58.00%,59.00%,83.00%
Carrot orange ,#ED9121 ,93.00%,57.00%,13.00%,33° ,85.00%,53.00%,86.00%,93.00%
Catawba ,#703642 ,44.00%,21.00%,26.00%,348° ,35.00%,33.00%,52.00%,44.00%
Cedar Chest ,#C95A49 ,79.00%,35.00%,29.00%,8° ,54.00%,54.00%,64.00%,79.00%
Celadon ,#ACE1AF ,67.00%,88.00%,69.00%,123° ,47.00%,78.00%,24.00%,88.00%
Celeste ,#B2FFFF ,70.00%,100.00%,100.00%,180° ,100.00%,85.00%,30.00%,100.00%
Cerise ,#DE3163 ,87.00%,19.00%,39.00%,343° ,72.00%,53.00%,78.00%,87.00%
Cerulean ,#007BA7 ,0.00%,48.00%,65.00%,196° ,100.00%,33.00%,100.00%,65.00%
Cerulean blue ,#2A52BE ,16.00%,32.00%,75.00%,224° ,64.00%,46.00%,78.00%,75.00%
Cerulean frost ,#6D9BC3 ,43.00%,61.00%,76.00%,208° ,42.00%,60.00%,44.00%,76.00%
Cerulean (Crayola) ,#1DACD6 ,11.00%,67.00%,84.00%,194° ,76.00%,48.00%,86.00%,84.00%
Cerulean (RGB) ,#0040FF ,0.00%,25.00%,100.00%,225° ,100.00%,50.00%,100.00%,100.00%
Champagne ,#F7E7CE ,97.00%,91.00%,81.00%,37° ,72.00%,89.00%,17.00%,97.00%
Champagne pink ,#F1DDCF ,95.00%,87.00%,81.00%,25° ,55.00%,88.00%,14.00%,95.00%
Charcoal ,#36454F ,21.00%,27.00%,31.00%,204° ,19.00%,26.00%,32.00%,31.00%
Charm pink ,#E68FAC ,90.00%,56.00%,67.00%,340° ,64.00%,73.00%,38.00%,90.00%
Chartreuse (web) ,#80FF00 ,50.00%,100.00%,0.00%,90° ,100.00%,50.00%,100.00%,100.00%
Cherry blossom pink ,#FFB7C5 ,100.00%,72.00%,77.00%,348° ,100.00%,86.00%,28.00%,100.00%
Chestnut ,#954535 ,58.00%,27.00%,21.00%,10° ,48.00%,40.00%,64.00%,58.00%
Chili red ,#E23D28 ,89.00%,24.00%,16.00%,5° ,76.00%,52.00%,183.00%,125.00%
China pink ,#DE6FA1 ,87.00%,44.00%,63.00%,333° ,63.00%,65.00%,50.00%,87.00%
Chinese red ,#AA381E ,67.00%,22.00%,12.00%,11° ,70.00%,39.00%,82.00%,67.00%
Chinese violet ,#856088 ,52.00%,38.00%,53.00%,296° ,17.00%,46.00%,29.00%,53.00%
Chinese yellow ,#FFB200 ,100.00%,70.00%,0.00%,42° ,100.00%,50.00%,100.00%,100.00%
Chocolate (traditional) ,#7B3F00 ,48.00%,25.00%,0.00%,31° ,100.00%,24.00%,100.00%,48.00%
Chocolate (web) ,#D2691E ,82.00%,41.00%,12.00%,25° ,75.00%,47.00%,86.00%,82.00%
Cinereous ,#98817B ,60.00%,51.00%,48.00%,12° ,12.00%,54.00%,19.00%,60.00%
Cinnabar ,#E34234 ,89.00%,26.00%,20.00%,5° ,76.00%,55.00%,77.00%,89.00%
Cinnamon Satin ,#CD607E ,80.00%,38.00%,49.00%,343° ,52.00%,59.00%,53.00%,80.00%
Citrine ,#E4D00A ,89.00%,82.00%,4.00%,54° ,92.00%,47.00%,96.00%,89.00%
Citron ,#9FA91F ,62.00%,66.00%,12.00%,64° ,69.00%,39.00%,82.00%,66.00%
Claret ,#7F1734 ,50.00%,9.00%,20.00%,343° ,69.00%,29.00%,82.00%,50.00%
Coffee ,#6F4E37 ,44.00%,31.00%,22.00%,25° ,34.00%,33.00%,50.00%,44.00%
Columbia Blue ,#B9D9EB ,73.00%,85.00%,92.00%,202° ,56.00%,82.00%,21.00%,92.00%
Congo pink ,#F88379 ,97.00%,51.00%,47.00%,5° ,90.00%,72.00%,51.00%,97.00%
Cool grey ,#8C92AC ,55.00%,57.00%,67.00%,229° ,16.00%,61.00%,19.00%,67.00%
Copper ,#B87333 ,72.00%,45.00%,20.00%,29° ,57.00%,46.00%,72.00%,72.00%
Copper (Crayola) ,#DA8A67 ,85.00%,54.00%,40.00%,18° ,61.00%,63.00%,53.00%,85.00%
Copper penny ,#AD6F69 ,68.00%,44.00%,41.00%,5° ,29.00%,55.00%,39.00%,68.00%
Copper red ,#CB6D51 ,80.00%,43.00%,32.00%,14° ,54.00%,56.00%,60.00%,80.00%
Copper rose ,#996666 ,60.00%,40.00%,40.00%,0° ,20.00%,50.00%,33.00%,60.00%
Coquelicot ,#FF3800 ,100.00%,22.00%,0.00%,13° ,100.00%,50.00%,100.00%,100.00%
Coral ,#FF7F50 ,100.00%,50.00%,31.00%,16° ,100.00%,66.00%,69.00%,100.00%
Coral pink ,#F88379 ,97.00%,51.00%,47.00%,5° ,90.00%,72.00%,51.00%,97.00%
Cordovan ,#893F45 ,54.00%,25.00%,27.00%,355° ,37.00%,39.00%,54.00%,54.00%
Corn ,#FBEC5D ,98.00%,93.00%,36.00%,54° ,95.00%,68.00%,63.00%,98.00%
Cornflower blue ,#6495ED ,39.00%,58.00%,93.00%,219° ,79.00%,66.00%,58.00%,93.00%
Cornsilk ,#FFF8DC ,100.00%,97.00%,86.00%,48° ,100.00%,93.00%,14.00%,100.00%
Cosmic cobalt ,#2E2D88 ,18.00%,18.00%,53.00%,241° ,50.00%,36.00%,67.00%,53.00%
Cosmic latte ,#FFF8E7 ,100.00%,97.00%,91.00%,43° ,100.00%,95.00%,9.00%,100.00%
Coyote brown ,#81613C ,51.00%,38.00%,24.00%,32° ,37.00%,37.00%,52.00%,51.00%
Cotton candy ,#FFBCD9 ,100.00%,74.00%,85.00%,334° ,100.00%,87.00%,26.00%,100.00%
Cream ,#FFFDD0 ,100.00%,99.00%,82.00%,57° ,100.00%,91.00%,18.00%,100.00%
Crimson ,#DC143C ,86.00%,8.00%,24.00%,348° ,83.00%,47.00%,91.00%,86.00%
Crimson (UA) ,#9E1B32 ,62.00%,11.00%,20.00%,349° ,71.00%,36.00%,83.00%,62.00%
Cultured Pearl ,#F5F5F5 ,96.00%,96.00%,96.00%,—° ,0.00%,96.00%,0.00%,96.00%
Cyan ,#00FFFF ,0.00%,100.00%,100.00%,180° ,100.00%,50.00%,100.00%,100.00%
Cyan (process) ,#00B7EB ,0.00%,72.00%,92.00%,193° ,100.00%,46.00%,100.00%,92.00%
Cyber grape ,#58427C ,35.00%,26.00%,49.00%,263° ,31.00%,37.00%,47.00%,49.00%
Cyber yellow ,#FFD300 ,100.00%,83.00%,0.00%,50° ,100.00%,50.00%,100.00%,100.00%
Cyclamen ,#F56FA1 ,96.00%,44.00%,63.00%,338° ,87.00%,70.00%,54.00%,96.00%
Dandelion ,#FED85D ,100.00%,85.00%,36.00%,46° ,99.00%,68.00%,63.00%,100.00%
Dark brown ,#654321 ,40.00%,26.00%,13.00%,30° ,51.00%,26.00%,67.00%,40.00%
Dark byzantium ,#5D3954 ,36.00%,22.00%,33.00%,315° ,24.00%,29.00%,39.00%,36.00%
Dark cyan ,#008B8B ,0.00%,55.00%,55.00%,180° ,100.00%,27.00%,100.00%,55.00%
Dark electric blue ,#536878 ,33.00%,41.00%,47.00%,206° ,18.00%,40.00%,31.00%,47.00%
Dark goldenrod ,#B8860B ,72.00%,53.00%,4.00%,43° ,89.00%,38.00%,94.00%,72.00%
Dark green (X11) ,#006400 ,0.00%,39.00%,0.00%,120° ,100.00%,20.00%,100.00%,39.00%
Dark jungle green ,#1A2421 ,10.00%,14.00%,13.00%,162° ,16.00%,12.00%,28.00%,14.00%
Dark khaki ,#BDB76B ,74.00%,72.00%,42.00%,56° ,38.00%,58.00%,43.00%,74.00%
Dark lava ,#483C32 ,28.00%,24.00%,20.00%,27° ,18.00%,24.00%,31.00%,28.00%
Dark liver (horses) ,#543D37 ,33.00%,24.00%,22.00%,12° ,21.00%,27.00%,35.00%,33.00%
Dark magenta ,#8B008B ,55.00%,0.00%,55.00%,300° ,100.00%,27.00%,100.00%,55.00%
Dark olive green ,#556B2F ,33.00%,42.00%,18.00%,82° ,39.00%,30.00%,56.00%,42.00%
Dark orange ,#FF8C00 ,100.00%,55.00%,0.00%,33° ,100.00%,50.00%,100.00%,100.00%
Dark orchid ,#9932CC ,60.00%,20.00%,80.00%,280° ,61.00%,50.00%,75.00%,80.00%
Dark purple ,#301934 ,19.00%,10.00%,20.00%,291° ,35.00%,15.00%,51.00%,20.00%
Dark red ,#8B0000 ,55.00%,0.00%,0.00%,0° ,100.00%,27.00%,100.00%,55.00%
Dark salmon ,#E9967A ,91.00%,59.00%,48.00%,15° ,72.00%,70.00%,48.00%,91.00%
Dark sea green ,#8FBC8F ,56.00%,74.00%,56.00%,120° ,25.00%,65.00%,24.00%,74.00%
Dark sienna ,#3C1414 ,24.00%,8.00%,8.00%,0° ,50.00%,16.00%,67.00%,24.00%
Dark sky blue ,#8CBED6 ,55.00%,75.00%,84.00%,199° ,47.00%,69.00%,35.00%,84.00%
Dark slate blue ,#483D8B ,28.00%,24.00%,55.00%,248° ,39.00%,39.00%,56.00%,55.00%
Dark slate gray ,#2F4F4F ,18.00%,31.00%,31.00%,180° ,25.00%,25.00%,41.00%,31.00%
Dark spring green ,#177245 ,9.00%,45.00%,27.00%,150° ,66.00%,27.00%,80.00%,45.00%
Dark turquoise ,#00CED1 ,0.00%,81.00%,82.00%,181° ,100.00%,41.00%,100.00%,82.00%
Dark violet ,#9400D3 ,58.00%,0.00%,83.00%,282° ,100.00%,41.00%,100.00%,83.00%
Davy's grey ,#555555 ,33.00%,33.00%,33.00%,—° ,0.00%,33.00%,0.00%,33.00%
Deep cerise ,#DA3287 ,85.00%,20.00%,53.00%,330° ,69.00%,53.00%,77.00%,85.00%
Deep champagne ,#FAD6A5 ,98.00%,84.00%,65.00%,35° ,90.00%,81.00%,34.00%,98.00%
Deep chestnut ,#B94E48 ,73.00%,31.00%,28.00%,3° ,45.00%,50.00%,61.00%,73.00%
Deep jungle green ,#004B49 ,0.00%,29.00%,29.00%,178° ,100.00%,15.00%,100.00%,29.00%
Deep pink ,#FF1493 ,100.00%,8.00%,58.00%,328° ,100.00%,54.00%,92.00%,100.00%
Deep saffron ,#FF9933 ,100.00%,60.00%,20.00%,30° ,100.00%,60.00%,80.00%,100.00%
Deep sky blue ,#00BFFF ,0.00%,75.00%,100.00%,195° ,100.00%,50.00%,100.00%,100.00%
Deep Space Sparkle ,#4A646C ,29.00%,39.00%,42.00%,194° ,19.00%,36.00%,31.00%,42.00%
Deep taupe ,#7E5E60 ,49.00%,37.00%,38.00%,356° ,15.00%,43.00%,25.00%,49.00%
Denim ,#1560BD ,8.00%,38.00%,74.00%,213° ,80.00%,41.00%,89.00%,74.00%
Denim blue ,#2243B6 ,13.00%,26.00%,71.00%,227° ,69.00%,42.00%,81.00%,71.00%
Desert ,#C19A6B ,76.00%,60.00%,42.00%,33° ,41.00%,59.00%,45.00%,76.00%
Desert sand ,#EDC9AF ,93.00%,79.00%,69.00%,25° ,63.00%,81.00%,26.00%,93.00%
Dim gray ,#696969 ,41.00%,41.00%,41.00%,—° ,0.00%,41.00%,0.00%,41.00%
Dodger blue ,#1E90FF ,12.00%,56.00%,100.00%,210° ,100.00%,56.00%,88.00%,100.00%
Drab dark brown ,#4A412A ,29.00%,25.00%,16.00%,43° ,28.00%,23.00%,43.00%,29.00%
Duke blue ,#00009C ,0.00%,0.00%,61.00%,240° ,100.00%,31.00%,100.00%,61.00%
Dutch white ,#EFDFBB ,94.00%,87.00%,73.00%,42° ,62.00%,84.00%,22.00%,94.00%
Ebony ,#555D50 ,33.00%,36.00%,31.00%,97° ,8.00%,34.00%,14.00%,36.00%
Ecru ,#C2B280 ,76.00%,70.00%,50.00%,45° ,35.00%,63.00%,34.00%,76.00%
Eerie black ,#1B1B1B ,11.00%,11.00%,11.00%,—° ,0.00%,11.00%,0.00%,11.00%
Eggplant ,#614051 ,38.00%,25.00%,32.00%,329° ,21.00%,32.00%,34.00%,38.00%
Eggshell ,#F0EAD6 ,94.00%,92.00%,84.00%,46° ,46.00%,89.00%,11.00%,94.00%
Electric lime ,#CCFF00 ,80.00%,100.00%,0.00%,72° ,100.00%,50.00%,100.00%,100.00%
Electric purple ,#BF00FF ,75.00%,0.00%,100.00%,285° ,100.00%,50.00%,100.00%,100.00%
Electric violet ,#8F00FF ,56.00%,0.00%,100.00%,274° ,100.00%,50.00%,100.00%,100.00%
Emerald ,#50C878 ,31.00%,78.00%,47.00%,140° ,52.00%,55.00%,60.00%,78.00%
Eminence ,#6C3082 ,42.00%,19.00%,51.00%,284° ,46.00%,35.00%,63.00%,51.00%
English lavender ,#B48395 ,71.00%,51.00%,58.00%,338° ,25.00%,61.00%,27.00%,71.00%
English red ,#AB4B52 ,67.00%,29.00%,32.00%,356° ,39.00%,48.00%,56.00%,67.00%
English vermillion ,#CC474B ,80.00%,28.00%,29.00%,358° ,57.00%,54.00%,65.00%,80.00%
English violet ,#563C5C ,34.00%,24.00%,36.00%,289° ,21.00%,30.00%,35.00%,36.00%
Erin ,#00FF40 ,0.00%,100.00%,25.00%,135° ,100.00%,50.00%,100.00%,100.00%
Eton blue ,#96C8A2 ,59.00%,78.00%,64.00%,134° ,31.00%,69.00%,25.00%,78.00%
Fallow ,#C19A6B ,76.00%,60.00%,42.00%,33° ,41.00%,59.00%,45.00%,76.00%
Falu red ,#801818 ,50.00%,9.00%,9.00%,0° ,68.00%,30.00%,81.00%,50.00%
Fandango ,#B53389 ,71.00%,20.00%,54.00%,320° ,56.00%,46.00%,72.00%,71.00%
Fandango pink ,#DE5285 ,87.00%,32.00%,52.00%,338° ,68.00%,60.00%,63.00%,87.00%
Fawn ,#E5AA70 ,90.00%,67.00%,44.00%,30° ,69.00%,67.00%,51.00%,90.00%
Fern green ,#4F7942 ,31.00%,47.00%,26.00%,106° ,29.00%,37.00%,45.00%,47.00%
Field drab ,#6C541E ,42.00%,33.00%,12.00%,42° ,57.00%,27.00%,72.00%,42.00%
Fiery rose ,#FF5470 ,100.00%,33.00%,44.00%,350° ,100.00%,67.00%,67.00%,100.00%
Finn ,#683068 ,41.00%,19.00%,41.00%,300° ,37.00%,30.00%,54.00%,41.00%
Firebrick ,#B22222 ,70.00%,13.00%,13.00%,0° ,68.00%,42.00%,81.00%,70.00%
Fire engine red ,#CE2029 ,81.00%,13.00%,16.00%,357° ,73.00%,47.00%,84.00%,81.00%
Flame ,#E25822 ,89.00%,35.00%,13.00%,17° ,77.00%,51.00%,85.00%,89.00%
Flax ,#EEDC82 ,93.00%,86.00%,51.00%,50° ,76.00%,72.00%,45.00%,93.00%
Flirt ,#A2006D ,64.00%,0.00%,43.00%,320° ,100.00%,32.00%,100.00%,64.00%
Floral white ,#FFFAF0 ,100.00%,98.00%,94.00%,40° ,100.00%,97.00%,6.00%,100.00%
Forest green (web) ,#228B22 ,13.00%,55.00%,13.00%,120° ,61.00%,34.00%,76.00%,55.00%
French beige ,#A67B5B ,65.00%,48.00%,36.00%,26° ,30.00%,50.00%,45.00%,65.00%
French bistre ,#856D4D ,52.00%,43.00%,30.00%,34° ,27.00%,41.00%,42.00%,52.00%
French blue ,#0072BB ,0.00%,45.00%,73.00%,203° ,100.00%,37.00%,100.00%,73.00%
French fuchsia ,#FD3F92 ,99.00%,25.00%,57.00%,334° ,98.00%,62.00%,75.00%,99.00%
French lilac ,#86608E ,53.00%,38.00%,56.00%,290° ,19.00%,47.00%,32.00%,56.00%
French lime ,#9EFD38 ,62.00%,99.00%,22.00%,89° ,98.00%,61.00%,78.00%,99.00%
French mauve ,#D473D4 ,83.00%,45.00%,83.00%,300° ,53.00%,64.00%,46.00%,83.00%
French pink ,#FD6C9E ,99.00%,42.00%,62.00%,339° ,97.00%,71.00%,57.00%,99.00%
French raspberry ,#C72C48 ,78.00%,17.00%,28.00%,349° ,64.00%,48.00%,78.00%,78.00%
French sky blue ,#77B5FE ,47.00%,71.00%,100.00%,212° ,99.00%,73.00%,53.00%,100.00%
French violet ,#8806CE ,53.00%,2.00%,81.00%,279° ,94.00%,42.00%,97.00%,81.00%
Frostbite ,#E936A7 ,91.00%,21.00%,65.00%,322° ,80.00%,56.00%,77.00%,91.00%
Fuchsia ,#FF00FF ,100.00%,0.00%,100.00%,300° ,100.00%,50.00%,100.00%,100.00%
Fuchsia (Crayola) ,#C154C1 ,76.00%,33.00%,76.00%,300° ,47.00%,54.00%,56.00%,76.00%
Fulvous ,#E48400 ,89.00%,52.00%,0.00%,35° ,100.00%,45.00%,100.00%,89.00%
Fuzzy Wuzzy ,#87421F ,53.00%,26.00%,12.00%,20° ,63.00%,33.00%,77.00%,53.00%
Gainsboro ,#DCDCDC ,86.00%,86.00%,86.00%,—° ,0.00%,86.00%,0.00%,86.00%
Gamboge ,#E49B0F ,89.00%,61.00%,6.00%,39° ,88.00%,48.00%,93.00%,89.00%
Generic viridian ,#007F66 ,0.00%,50.00%,40.00%,168° ,100.00%,25.00%,100.00%,50.00%
Ghost white ,#F8F8FF ,97.00%,97.00%,100.00%,240° ,100.00%,99.00%,3.00%,100.00%
Glaucous ,#6082B6 ,38.00%,51.00%,71.00%,216° ,37.00%,55.00%,47.00%,71.00%
Glossy grape ,#AB92B3 ,67.00%,57.00%,70.00%,285° ,18.00%,64.00%,18.00%,70.00%
GO green ,#00AB66 ,0.00%,67.00%,40.00%,156° ,100.00%,34.00%,100.00%,67.00%
Gold (metallic) ,#D4AF37 ,83.00%,69.00%,22.00%,46° ,65.00%,52.00%,74.00%,83.00%
Gold (web) (Golden) ,#FFD700 ,100.00%,84.00%,0.00%,51° ,100.00%,50.00%,100.00%,100.00%
Gold (Crayola) ,#E6BE8A ,90.00%,75.00%,54.00%,34° ,65.00%,72.00%,40.00%,90.00%
Gold Fusion ,#85754E ,52.00%,46.00%,31.00%,43° ,26.00%,41.00%,41.00%,52.00%
Golden brown ,#996515 ,60.00%,40.00%,8.00%,36° ,76.00%,34.00%,86.00%,60.00%
Golden poppy ,#FCC200 ,99.00%,76.00%,0.00%,46° ,100.00%,49.00%,100.00%,99.00%
Golden yellow ,#FFDF00 ,100.00%,87.00%,0.00%,52° ,100.00%,50.00%,100.00%,100.00%
Goldenrod ,#DAA520 ,85.00%,65.00%,13.00%,43° ,74.00%,49.00%,85.00%,85.00%
Gotham green ,#00573F ,0.00%,34.00%,25.00%,168° ,100.00%,17.00%,100.00%,34.10%
Granite gray ,#676767 ,40.00%,40.00%,40.00%,—° ,0.00%,40.00%,0.00%,40.00%
Granny Smith apple ,#A8E4A0 ,66.00%,89.00%,63.00%,113° ,56.00%,76.00%,30.00%,89.00%
Gray (web) ,#808080 ,50.00%,50.00%,50.00%,—° ,0.00%,50.00%,0.00%,50.00%
Gray (X11 gray) ,#BEBEBE ,75.00%,75.00%,75.00%,—° ,0.00%,75.00%,0.00%,75.00%
Green ,#00FF00 ,0.00%,100.00%,0.00%,120° ,100.00%,50.00%,100.00%,100.00%
Green (Crayola) ,#1CAC78 ,11.00%,67.00%,47.00%,158° ,72.00%,39.00%,84.00%,67.00%
Green (web) ,#008000 ,0.00%,50.00%,0.00%,120° ,100.00%,25.00%,100.00%,50.00%
Green (Munsell) ,#00A877 ,0.00%,66.00%,47.00%,163° ,100.00%,33.00%,100.00%,66.00%
Green (NCS) ,#009F6B ,0.00%,62.00%,42.00%,160° ,100.00%,31.00%,100.00%,62.00%
Green (Pantone) ,#00AD43 ,0.00%,68.00%,26.00%,143° ,100.00%,34.00%,100.00%,68.00%
Green (pigment) ,#00A550 ,0.00%,65.00%,31.00%,149° ,100.00%,32.00%,100.00%,65.00%
Green-blue ,#1164B4 ,7.00%,39.00%,71.00%,209° ,83.00%,39.00%,91.00%,71.00%
Green Lizard ,#A7F432 ,65.00%,96.00%,20.00%,84° ,90.00%,58.00%,80.00%,96.00%
Green Sheen ,#6EAEA1 ,43.00%,68.00%,63.00%,168° ,28.00%,56.00%,37.00%,68.00%
Gunmetal ,#2a3439 ,16.00%,20.00%,22.00%,200° ,15.00%,19.00%,15.00%,19.00%
Hansa yellow ,#E9D66B ,91.00%,84.00%,42.00%,51° ,74.00%,67.00%,54.00%,91.00%
Harlequin ,#3FFF00 ,25.00%,100.00%,0.00%,105° ,100.00%,50.00%,100.00%,100.00%
Harvest gold ,#DA9100 ,85.00%,57.00%,0.00%,40° ,100.00%,43.00%,100.00%,85.00%
Heat Wave ,#FF7A00 ,100.00%,48.00%,0.00%,29° ,100.00%,50.00%,100.00%,100.00%
Heliotrope ,#DF73FF ,87.00%,45.00%,100.00%,286° ,100.00%,73.00%,55.00%,100.00%
Heliotrope gray ,#AA98A9 ,67.00%,60.00%,66.00%,303° ,10.00%,63.00%,11.00%,67.00%
Hollywood cerise ,#F400A1 ,96.00%,0.00%,63.00%,320° ,100.00%,48.00%,100.00%,96.00%
Honolulu blue ,#006DB0 ,0.00%,43.00%,69.00%,203° ,100.00%,35.00%,100.00%,69.00%
Hooker's green ,#49796B ,29.00%,47.00%,42.00%,163° ,25.00%,38.00%,40.00%,47.00%
Hot magenta[broken anchor] ,#FF1DCE ,100.00%,11.00%,81.00%,313° ,100.00%,56.00%,89.00%,100.00%
Hot pink ,#FF69B4 ,100.00%,41.00%,71.00%,330° ,100.00%,71.00%,59.00%,100.00%
Hunter green ,#355E3B ,21.00%,37.00%,23.00%,129° ,28.00%,29.00%,44.00%,37.00%
Iceberg ,#71A6D2 ,44.00%,65.00%,82.00%,207° ,52.00%,63.00%,46.00%,82.00%
Illuminating emerald ,#319177 ,19.00%,57.00%,47.00%,164° ,49.00%,38.00%,66.00%,57.00%
Imperial red ,#ED2939 ,93.00%,16.00%,22.00%,355° ,84.00%,55.00%,83.00%,93.00%
Inchworm ,#B2EC5D ,70.00%,93.00%,36.00%,84° ,79.00%,65.00%,61.00%,93.00%
Independence ,#4C516D ,30.00%,32.00%,43.00%,231° ,18.00%,36.00%,30.00%,43.00%
India green ,#138808 ,7.00%,53.00%,3.00%,115° ,89.00%,28.00%,94.00%,53.00%
Indian red ,#CD5C5C ,80.00%,36.00%,36.00%,0° ,53.00%,58.00%,55.00%,80.00%
Indian yellow ,#E3A857 ,89.00%,66.00%,34.00%,35° ,71.00%,62.00%,62.00%,89.00%
Indigo ,#6A5DFF ,42.00%,36.00%,100.00%,245° ,100.00%,68.00%,64.00%,100.00%
Indigo dye ,#00416A ,0.00%,25.00%,42.00%,203° ,100.00%,21.00%,100.00%,42.00%
International Klein Blue ,#130a8f ,7.00%,4.00%,56.00%,244° ,87.00%,30.00%,87.00%,56.00%
International orange (engineering) ,#BA160C ,73.00%,9.00%,5.00%,3° ,88.00%,39.00%,94.00%,73.00%
International orange (Golden Gate Bridge) ,#C0362C ,75.00%,21.00%,17.00%,4° ,63.00%,46.00%,77.00%,75.00%
Irresistible ,#B3446C ,70.00%,27.00%,42.00%,338° ,45.00%,48.00%,62.00%,70.00%
Isabelline ,#F4F0EC ,96.00%,94.00%,93.00%,30° ,27.00%,94.00%,3.00%,96.00%
Italian sky blue ,#B2FFFF ,70.00%,100.00%,100.00%,180° ,100.00%,85.00%,30.00%,100.00%
Ivory ,#FFFFF0 ,100.00%,100.00%,94.00%,60° ,100.00%,97.00%,6.00%,100.00%
Japanese carmine ,#9D2933 ,62.00%,16.00%,20.00%,355° ,59.00%,39.00%,74.00%,62.00%
Japanese violet ,#5B3256 ,36.00%,20.00%,34.00%,307° ,29.00%,28.00%,45.00%,36.00%
Jasmine ,#F8DE7E ,97.00%,87.00%,49.00%,47° ,90.00%,73.00%,49.00%,97.00%
Jazzberry jam ,#A50B5E ,65.00%,4.00%,37.00%,328° ,88.00%,35.00%,93.00%,65.00%
Jet ,#343434 ,20.00%,20.00%,20.00%,—° ,0.00%,20.00%,0.00%,20.00%
Jonquil ,#F4CA16 ,96.00%,79.00%,9.00%,49° ,91.00%,52.00%,91.00%,96.00%
June bud ,#BDDA57 ,74.00%,85.00%,34.00%,73° ,64.00%,60.00%,60.00%,85.00%
Jungle green ,#29AB87 ,16.00%,67.00%,53.00%,163° ,61.00%,42.00%,76.00%,67.00%
Kelly green ,#4CBB17 ,30.00%,73.00%,9.00%,101° ,78.00%,41.00%,88.00%,73.00%
Keppel ,#3AB09E ,23.00%,69.00%,62.00%,171° ,50.00%,46.00%,67.00%,69.00%
Key lime ,#E8F48C ,91.00%,96.00%,55.00%,67° ,83.00%,75.00%,43.00%,96.00%
Khaki (web) ,#C3B091 ,76.00%,69.00%,57.00%,37° ,29.00%,67.00%,26.00%,76.00%
Khaki (X11) (Light khaki) ,#F0E68C ,94.00%,90.00%,55.00%,54° ,77.00%,75.00%,42.00%,94.00%
Kobe ,#882D17 ,53.00%,18.00%,9.00%,12° ,71.00%,31.00%,83.00%,53.00%
Kobi ,#E79FC4 ,91.00%,62.00%,77.00%,329° ,60.00%,76.00%,31.00%,91.00%
Kobicha ,#6B4423 ,42.00%,27.00%,14.00%,28° ,51.00%,28.00%,67.00%,42.00%
KSU purple ,#512888 ,31.00%,15.00%,51.00%,266° ,55.00%,33.00%,71.00%,53.00%
Languid lavender ,#D6CADD ,84.00%,79.00%,87.00%,278° ,22.00%,83.00%,9.00%,87.00%
Lapis lazuli ,#26619C ,15.00%,38.00%,61.00%,210° ,61.00%,38.00%,76.00%,61.00%
Laser lemon ,#FFFF66 ,100.00%,100.00%,40.00%,60° ,100.00%,70.00%,60.00%,100.00%
Laurel green ,#A9BA9D ,66.00%,73.00%,62.00%,95° ,17.00%,67.00%,16.00%,73.00%
Lava ,#CF1020 ,81.00%,6.00%,13.00%,355° ,86.00%,44.00%,92.00%,81.00%
Lavender (floral) ,#B57EDC ,71.00%,49.00%,86.00%,275° ,57.00%,68.00%,43.00%,86.00%
Lavender (web) ,#E6E6FA ,90.00%,90.00%,98.00%,240° ,67.00%,94.00%,8.00%,98.00%
Lavender blue ,#CCCCFF ,80.00%,80.00%,100.00%,240° ,100.00%,90.00%,20.00%,100.00%
Lavender blush ,#FFF0F5 ,100.00%,94.00%,96.00%,340° ,100.00%,97.00%,6.00%,100.00%
Lavender gray ,#C4C3D0 ,77.00%,76.00%,82.00%,245° ,12.00%,79.00%,6.00%,82.00%
Lawn green ,#7CFC00 ,49.00%,99.00%,0.00%,90° ,100.00%,49.00%,100.00%,99.00%
Lemon ,#FFF700 ,100.00%,97.00%,0.00%,58° ,100.00%,50.00%,100.00%,100.00%
Lemon chiffon ,#FFFACD ,100.00%,98.00%,80.00%,54° ,100.00%,90.00%,20.00%,100.00%
Lemon curry ,#CCA01D ,80.00%,63.00%,11.00%,45° ,75.00%,46.00%,86.00%,80.00%
Lemon glacier ,#FDFF00 ,99.00%,100.00%,0.00%,60° ,100.00%,50.00%,100.00%,100.00%
Lemon meringue ,#F6EABE ,96.00%,92.00%,75.00%,47° ,76.00%,85.00%,23.00%,96.00%
Lemon yellow ,#FFF44F ,100.00%,96.00%,31.00%,56° ,100.00%,65.00%,69.00%,100.00%
Lemon yellow (Crayola) ,#FFFF9F ,100.00%,100.00%,62.00%,60° ,100.00%,81.00%,38.00%,100.00%
Liberty ,#545AA7 ,33.00%,35.00%,65.00%,236° ,33.00%,49.00%,50.00%,65.00%
Light blue ,#ADD8E6 ,68.00%,85.00%,90.00%,195° ,53.00%,79.00%,25.00%,90.00%
Light coral ,#F08080 ,94.00%,50.00%,50.00%,0° ,79.00%,72.00%,47.00%,94.00%
Light cornflower blue ,#93CCEA ,58.00%,80.00%,92.00%,201° ,67.00%,75.00%,37.00%,92.00%
Light cyan ,#E0FFFF ,88.00%,100.00%,100.00%,180° ,100.00%,94.00%,12.00%,100.00%
Light French beige ,#C8AD7F ,78.00%,68.00%,50.00%,38° ,40.00%,64.00%,37.00%,78.00%
Light goldenrod yellow ,#FAFAD2 ,98.00%,98.00%,82.00%,60° ,80.00%,90.00%,16.00%,98.00%
Light gray ,#D3D3D3 ,83.00%,83.00%,83.00%,—° ,0.00%,83.00%,0.00%,83.00%
Light green ,#90EE90 ,56.00%,93.00%,56.00%,120° ,73.00%,75.00%,39.00%,93.00%
Light orange ,#FED8B1 ,100.00%,85.00%,69.00%,30° ,98.00%,85.00%,30.00%,100.00%
Light periwinkle ,#C5CBE1 ,77.00%,80.00%,88.00%,228° ,32.00%,83.00%,12.00%,88.00%
Light pink ,#FFB6C1 ,100.00%,71.00%,76.00%,351° ,100.00%,86.00%,29.00%,100.00%
Light purple ,#D8BFD8 ,85.00%,75.00%,85.00%,300° ,24.00%,80.00%,12.00%,85.00%
Light salmon ,#FFA07A ,100.00%,63.00%,48.00%,17° ,100.00%,74.00%,52.00%,100.00%
Light sea green ,#20B2AA ,13.00%,70.00%,67.00%,177° ,70.00%,41.00%,82.00%,70.00%
Light sky blue ,#87CEFA ,53.00%,81.00%,98.00%,203° ,92.00%,75.00%,46.00%,98.00%
Light slate gray ,#778899 ,47.00%,53.00%,60.00%,210° ,14.00%,53.00%,22.00%,60.00%
Light steel blue ,#B0C4DE ,69.00%,77.00%,87.00%,214° ,41.00%,78.00%,21.00%,87.00%
Light yellow ,#FFFFE0 ,100.00%,100.00%,88.00%,60° ,100.00%,94.00%,12.00%,100.00%
Lilac ,#C8A2C8 ,78.00%,64.00%,78.00%,300° ,26.00%,71.00%,19.00%,78.00%
Lilac Luster ,#AE98AA ,68.00%,60.00%,67.00%,311° ,12.00%,64.00%,13.00%,68.00%
Lime (color wheel) ,#BFFF00 ,75.00%,100.00%,0.00%,75° ,100.00%,50.00%,100.00%,100.00%
Lime (web) (X11 green) ,#00FF00 ,0.00%,100.00%,0.00%,120° ,100.00%,50.00%,100.00%,100.00%
Lime green ,#32CD32 ,20.00%,80.00%,20.00%,120° ,61.00%,50.00%,76.00%,80.00%
Lincoln green ,#195905 ,10.00%,35.00%,2.00%,106° ,89.00%,18.00%,94.00%,35.00%
Linen ,#FAF0E6 ,98.00%,94.00%,90.00%,30° ,67.00%,94.00%,8.00%,98.00%
Lion ,#DECC9C ,87.00%,80.00%,61.00%,44° ,50.00%,74.00%,30.00%,87.00%
Liseran purple ,#DE6FA1 ,87.00%,44.00%,63.00%,333° ,63.00%,65.00%,50.00%,87.00%
Little boy blue ,#6CA0DC ,42.00%,63.00%,86.00%,212° ,62.00%,64.00%,51.00%,86.00%
Liver ,#674C47 ,40.00%,30.00%,28.00%,9° ,18.00%,34.00%,31.00%,40.00%
Liver (dogs) ,#B86D29 ,72.00%,43.00%,16.00%,29° ,64.00%,44.00%,78.00%,72.00%
Liver (organ) ,#6C2E1F ,42.00%,18.00%,12.00%,12° ,55.00%,27.00%,71.00%,42.00%
Liver chestnut ,#987456 ,60.00%,45.00%,34.00%,27° ,28.00%,47.00%,43.00%,60.00%
Livid ,#6699CC ,40.00%,60.00%,80.00%,210° ,50.00%,60.00%,50.00%,80.00%
Macaroni and Cheese ,#FFBD88 ,100.00%,74.00%,53.00%,27° ,100.00%,77.00%,47.00%,100.00%
Madder Lake ,#CC3336 ,80.00%,20.00%,21.00%,359° ,60.00%,50.00%,75.00%,80.00%
Magenta ,#FF00FF ,100.00%,0.00%,100.00%,300° ,100.00%,50.00%,100.00%,100.00%
Magenta (Crayola),#F653A6 ,96.00%,33.00%,65.00%,329° ,90.00%,65.00%,66.00%,97.00%
Magenta (dye) ,#CA1F7B ,79.00%,12.00%,48.00%,328° ,73.00%,46.00%,85.00%,79.00%
Magenta (Pantone) ,#D0417E ,82.00%,25.00%,49.00%,334° ,60.00%,54.00%,69.00%,82.00%
Magenta (process) ,#FF0090 ,100.00%,0.00%,56.00%,326° ,100.00%,50.00%,100.00%,100.00%
Magenta haze ,#9F4576 ,62.00%,27.00%,46.00%,327° ,39.00%,45.00%,57.00%,62.00%
Magic mint ,#AAF0D1 ,67.00%,94.00%,82.00%,153° ,70.00%,80.00%,29.00%,94.00%
Magnolia ,#F2E8D7 ,95.00%,91.00%,84.00%,38° ,51.00%,90.00%,11.00%,95.00%
Mahogany ,#C04000 ,75.00%,25.00%,0.00%,20° ,100.00%,38.00%,100.00%,75.00%
Maize ,#FBEC5D ,98.00%,93.00%,36.00%,54° ,95.00%,67.00%,63.00%,98.00%
Maize (Crayola) ,#F2C649 ,95.00%,78.00%,29.00%,44° ,87.00%,62.00%,70.00%,95.00%
Majorelle blue ,#6050DC ,38.00%,31.00%,86.00%,247° ,67.00%,59.00%,64.00%,86.00%
Malachite ,#0BDA51 ,4.00%,85.00%,32.00%,140° ,90.00%,45.00%,95.00%,85.00%
Manatee ,#979AAA ,59.00%,60.00%,67.00%,231° ,10.00%,63.00%,11.00%,67.00%
Mandarin ,#F37A48 ,95.00%,48.00%,28.00%,18° ,88.00%,62.00%,70.00%,95.00%
Mango ,#FDBE02 ,99.00%,75.00%,1.00%,46° ,98.00%,50.00%,99.00%,99.00%
Mango Tango ,#FF8243 ,100.00%,51.00%,26.00%,20° ,100.00%,63.00%,74.00%,100.00%
Mantis ,#74C365 ,45.00%,76.00%,40.00%,110° ,44.00%,58.00%,48.00%,76.00%
Mardi Gras ,#880085 ,53.00%,0.00%,52.00%,301° ,100.00%,27.00%,100.00%,53.00%
Marigold ,#EAA221 ,92.00%,64.00%,13.00%,39° ,83.00%,52.00%,85.00%,91.00%
Maroon (Crayola) ,#C32148 ,76.00%,13.00%,28.00%,346° ,71.00%,45.00%,83.00%,76.00%
Maroon (web) ,#800000 ,50.00%,0.00%,0.00%,0° ,100.00%,25.00%,100.00%,50.00%
Maroon (X11) ,#B03060 ,69.00%,19.00%,38.00%,338° ,57.00%,44.00%,73.00%,69.00%
Mauve ,#E0B0FF ,88.00%,69.00%,100.00%,276° ,100.00%,85.00%,31.00%,100.00%
Mauve taupe ,#915F6D ,57.00%,37.00%,43.00%,343° ,21.00%,47.00%,34.00%,57.00%
Mauvelous ,#EF98AA ,94.00%,60.00%,67.00%,348° ,73.00%,77.00%,36.00%,94.00%
Maximum blue ,#47ABCC ,28.00%,67.00%,80.00%,195° ,57.00%,54.00%,65.00%,80.00%
Maximum blue green ,#30BFBF ,19.00%,75.00%,75.00%,180° ,60.00%,47.00%,75.00%,75.00%
Maximum blue purple ,#ACACE6 ,67.00%,67.00%,90.00%,240° ,54.00%,79.00%,25.00%,90.00%
Maximum green ,#5E8C31 ,37.00%,55.00%,19.00%,90° ,48.00%,37.00%,65.00%,55.00%
Maximum green yellow ,#D9E650 ,85.00%,90.00%,31.00%,65° ,75.00%,61.00%,65.00%,90.00%
Maximum purple ,#733380 ,45.00%,20.00%,50.00%,290° ,43.00%,35.00%,60.00%,50.00%
Maximum red ,#D92121 ,85.00%,13.00%,13.00%,0° ,74.00%,49.00%,85.00%,85.00%
Maximum red purple ,#A63A79 ,65.00%,23.00%,47.00%,325° ,48.00%,44.00%,65.00%,65.00%
Maximum yellow ,#FAFA37 ,98.00%,98.00%,22.00%,60° ,95.00%,60.00%,78.00%,98.00%
Maximum yellow red ,#F2BA49 ,95.00%,73.00%,29.00%,40° ,87.00%,62.00%,70.00%,95.00%
May green ,#4C9141 ,30.00%,57.00%,25.00%,112° ,38.00%,41.00%,55.00%,57.00%
Maya blue ,#73C2FB ,45.00%,76.00%,98.00%,205° ,94.00%,72.00%,54.00%,98.00%
Medium aquamarine ,#66DDAA ,40.00%,87.00%,67.00%,154° ,64.00%,63.00%,54.00%,87.00%
Medium blue ,#0000CD ,0.00%,0.00%,80.00%,240° ,100.00%,40.00%,100.00%,80.00%
Medium candy apple red ,#E2062C ,89.00%,2.00%,17.00%,350° ,95.00%,45.00%,97.00%,89.00%
Medium carmine ,#AF4035 ,69.00%,25.00%,21.00%,5° ,54.00%,45.00%,70.00%,69.00%
Medium champagne ,#F3E5AB ,95.00%,90.00%,67.00%,48° ,75.00%,81.00%,30.00%,95.00%
Medium orchid ,#BA55D3 ,73.00%,33.00%,83.00%,288° ,59.00%,58.00%,60.00%,83.00%
Medium purple ,#9370DB ,58.00%,44.00%,86.00%,260° ,60.00%,65.00%,49.00%,86.00%
Medium sea green ,#3CB371 ,24.00%,70.00%,44.00%,147° ,50.00%,47.00%,66.00%,70.00%
Medium slate blue ,#7B68EE ,48.00%,41.00%,93.00%,249° ,80.00%,67.00%,56.00%,93.00%
Medium spring green ,#00FA9A ,0.00%,98.00%,60.00%,157° ,100.00%,49.00%,100.00%,98.00%
Medium turquoise ,#48D1CC ,28.00%,82.00%,80.00%,178° ,60.00%,55.00%,66.00%,82.00%
Medium violet-red ,#C71585 ,78.00%,8.00%,52.00%,322° ,81.00%,43.00%,89.00%,78.00%
Mellow apricot ,#F8B878 ,97.00%,72.00%,47.00%,30° ,90.00%,72.00%,52.00%,97.00%
Mellow yellow ,#F8DE7E ,97.00%,87.00%,49.00%,47° ,90.00%,73.00%,49.00%,97.00%
Melon ,#FEBAAD ,100.00%,73.00%,68.00%,10° ,98.00%,84.00%,32.00%,100.00%
Metallic gold ,#D3AF37 ,83.00%,69.00%,22.00%,46° ,64.00%,52.00%,74.00%,83.00%
Metallic Seaweed ,#0A7E8C ,4.00%,49.00%,55.00%,186° ,87.00%,29.00%,93.00%,55.00%
Metallic Sunburst ,#9C7C38 ,61.00%,49.00%,22.00%,41° ,47.00%,42.00%,64.00%,61.00%
Mexican pink ,#E4007C ,89.00%,0.00%,49.00%,327° ,100.00%,45.00%,100.00%,89.00%
Middle blue ,#7ED4E6 ,49.00%,83.00%,90.00%,190° ,68.00%,70.00%,45.00%,90.00%
Middle blue green ,#8DD9CC ,55.00%,85.00%,80.00%,170° ,50.00%,70.00%,35.00%,85.00%
Middle blue purple ,#8B72BE ,55.00%,45.00%,75.00%,260° ,37.00%,60.00%,40.00%,75.00%
Middle grey ,#8B8680 ,55.00%,53.00%,50.00%,33° ,5.00%,52.00%,8.00%,55.00%
Middle green ,#4D8C57 ,30.00%,55.00%,34.00%,130° ,29.00%,43.00%,45.00%,55.00%
Middle green yellow ,#ACBF60 ,67.00%,75.00%,38.00%,72° ,43.00%,56.00%,50.00%,75.00%
Middle purple ,#D982B5 ,85.00%,51.00%,71.00%,325° ,53.00%,68.00%,40.00%,85.00%
Middle red ,#E58E73 ,90.00%,56.00%,45.00%,15° ,69.00%,68.00%,50.00%,90.00%
Middle red purple ,#A55353 ,65.00%,33.00%,33.00%,0° ,33.00%,49.00%,50.00%,65.00%
Middle yellow ,#FFEB00 ,100.00%,92.00%,0.00%,55° ,100.00%,50.00%,100.00%,100.00%
Middle yellow red ,#ECB176 ,93.00%,69.00%,46.00%,30° ,76.00%,69.00%,50.00%,93.00%
Midnight ,#702670 ,44.00%,15.00%,44.00%,300° ,49.00%,29.00%,66.00%,44.00%
Midnight blue ,#191970 ,10.00%,10.00%,44.00%,240° ,64.00%,27.00%,78.00%,44.00%
Midnight green (eagle green) ,#004953 ,0.00%,29.00%,33.00%,187° ,100.00%,16.00%,100.00%,33.00%
Mikado yellow ,#FFC40C ,100.00%,77.00%,5.00%,45° ,100.00%,52.00%,95.00%,100.00%
Mimi pink ,#FFDAE9 ,100.00%,85.00%,91.00%,336° ,100.00%,93.00%,15.00%,100.00%
Mindaro ,#E3F988 ,89.00%,98.00%,53.00%,72° ,90.00%,75.00%,45.00%,98.00%
Ming ,#36747D ,21.00%,45.00%,49.00%,188° ,40.00%,35.00%,56.00%,49.00%
Minion yellow ,#F5E050 ,96.00%,86.00%,31.00%,52° ,89.00%,64.00%,67.00%,96.00%
Mint ,#3EB489 ,24.00%,71.00%,54.00%,158° ,49.00%,47.00%,66.00%,71.00%
Mint cream ,#F5FFFA ,96.00%,100.00%,98.00%,150° ,100.00%,98.00%,4.00%,100.00%
Mint green ,#98FF98 ,60.00%,100.00%,60.00%,120° ,100.00%,80.00%,40.00%,100.00%
Misty moss ,#BBB477 ,73.00%,71.00%,47.00%,54° ,33.00%,60.00%,36.00%,73.00%
Misty rose ,#FFE4E1 ,100.00%,89.00%,88.00%,6° ,100.00%,94.00%,12.00%,100.00%
Moccasin ,#FFE4B5 ,100.00%,89.00%,71.00%,38° ,100.00%,86.00%,29.00%,100.00%
Mode beige ,#967117 ,59.00%,44.00%,9.00%,43° ,73.00%,34.00%,85.00%,59.00%
Mona Lisa ,#FF948E ,100.00%,58.00%,56.00%,3° ,100.00%,78.00%,44.00%,100.00%
Morning blue ,#8DA399 ,55.00%,64.00%,60.00%,153° ,11.00%,60.00%,14.00%,64.00%
Moss green ,#8A9A5B ,54.00%,60.00%,36.00%,75° ,26.00%,48.00%,41.00%,60.00%
Mountain Meadow ,#30BA8F ,19.00%,73.00%,56.00%,161° ,59.00%,46.00%,74.00%,73.00%
Mountbatten pink ,#997A8D ,60.00%,48.00%,55.00%,323° ,13.00%,54.00%,20.00%,60.00%
MSU green ,#18453B ,9.00%,27.00%,23.00%,167° ,48.00%,18.00%,65.00%,27.00%
Mulberry ,#C54B8C ,77.00%,29.00%,55.00%,328° ,51.00%,53.00%,62.00%,77.00%
Mulberry (Crayola) ,#C8509B ,78.00%,31.00%,61.00%,323° ,52.00%,55.00%,60.00%,78.00%
Mustard ,#FFDB58 ,100.00%,86.00%,35.00%,47° ,100.00%,67.00%,65.00%,100.00%
Myrtle green ,#317873 ,19.00%,47.00%,45.00%,176° ,42.00%,33.00%,59.00%,47.00%
Mystic ,#D65282 ,84.00%,32.00%,51.00%,338° ,62.00%,58.00%,62.00%,84.00%
Mystic maroon ,#AD4379 ,68.00%,26.00%,47.00%,329° ,44.00%,47.00%,62.00%,68.00%
Nadeshiko pink ,#F6ADC6 ,96.00%,68.00%,78.00%,339° ,80.00%,82.00%,80.00%,82.00%
Naples yellow ,#FADA5E ,98.00%,85.00%,37.00%,48° ,94.00%,67.00%,62.00%,98.00%
Navajo white ,#FFDEAD ,100.00%,87.00%,68.00%,36° ,100.00%,84.00%,32.00%,100.00%
Navy blue ,#000080 ,0.00%,0.00%,50.00%,240° ,100.00%,25.00%,100.00%,50.00%
Navy blue (Crayola) ,#1974D2 ,10.00%,45.00%,82.00%,210° ,79.00%,46.00%,88.00%,82.00%
Neon blue ,#4666FF ,27.00%,40.00%,100.00%,230° ,100.00%,64.00%,73.00%,100.00%
Neon green ,#39FF14 ,22.00%,100.00%,8.00%,111° ,100.00%,54.00%,92.00%,100.00%
Neon fuchsia ,#FE4164 ,100.00%,25.00%,39.00%,349° ,99.00%,63.00%,74.00%,100.00%
New Car ,#214FC6 ,13.00%,31.00%,78.00%,223° ,71.00%,45.00%,83.00%,78.00%
New York pink ,#D7837F ,84.00%,51.00%,50.00%,3° ,52.00%,67.00%,41.00%,84.00%
Nickel ,#727472 ,45.00%,45.00%,45.00%,120° ,1.00%,45.00%,2.00%,46.00%
Non-photo blue ,#A4DDED ,64.00%,87.00%,93.00%,193° ,67.00%,79.00%,31.00%,93.00%
Nyanza ,#E9FFDB ,91.00%,100.00%,86.00%,97° ,100.00%,93.00%,14.00%,100.00%
Ochre ,#CC7722 ,80.00%,47.00%,13.00%,30° ,71.00%,47.00%,83.00%,80.00%
Old burgundy ,#43302E ,26.00%,19.00%,18.00%,6° ,19.00%,22.00%,31.00%,26.00%
Old gold ,#CFB53B ,81.00%,71.00%,23.00%,49° ,61.00%,52.00%,71.00%,81.00%
Old lace ,#FDF5E6 ,99.00%,96.00%,90.00%,39° ,85.00%,95.00%,9.00%,99.00%
Old lavender ,#796878 ,47.00%,41.00%,47.00%,304° ,8.00%,44.00%,14.00%,47.00%
Old mauve ,#673147 ,40.00%,19.00%,28.00%,336° ,36.00%,30.00%,52.00%,40.00%
Old rose ,#C08081 ,75.00%,50.00%,51.00%,359° ,34.00%,63.00%,33.00%,75.00%
Old silver ,#848482 ,52.00%,52.00%,51.00%,60° ,1.00%,51.00%,2.00%,52.00%
Olive ,#808000 ,50.00%,50.00%,0.00%,60° ,100.00%,25.00%,100.00%,50.00%
Olive Drab (#3) ,#6B8E23 ,42.00%,56.00%,14.00%,80° ,61.00%,35.00%,75.00%,56.00%
Olive Drab #7 ,#3C341F ,24.00%,20.00%,12.00%,43° ,32.00%,18.00%,48.00%,24.00%
Olive green ,#B5B35C ,71.00%,70.00%,36.00%,59° ,38.00%,54.00%,49.00%,71.00%
Olivine ,#9AB973 ,60.00%,73.00%,45.00%,87° ,33.00%,59.00%,38.00%,73.00%
Onyx ,#353839 ,21.00%,22.00%,22.00%,195° ,4.00%,22.00%,7.00%,22.00%
Opal ,#A8C3BC ,66.00%,76.00%,74.00%,164° ,18.00%,71.00%,14.00%,76.00%
Opera mauve ,#B784A7 ,72.00%,52.00%,65.00%,319° ,26.00%,62.00%,28.00%,72.00%
Orange ,#FF7F00 ,100.00%,50.00%,0.00%,30° ,100.00%,50.00%,100.00%,100.00%
Orange (Crayola) ,#FF7538 ,100.00%,46.00%,22.00%,18° ,100.00%,61.00%,78.00%,100.00%
Orange (Pantone) ,#FF5800 ,100.00%,35.00%,0.00%,21° ,100.00%,50.00%,100.00%,100.00%
Orange (web) ,#FFA500 ,100.00%,65.00%,0.00%,39° ,100.00%,50.00%,100.00%,100.00%
Orange peel ,#FF9F00 ,100.00%,62.00%,0.00%,37° ,100.00%,50.00%,100.00%,100.00%
Orange-red ,#FF681F ,100.00%,41.00%,12.00%,20° ,100.00%,56.00%,88.00%,100.00%
Orange-red (Crayola) ,#FF5349 ,100.00%,33.00%,29.00%,4° ,100.00%,64.00%,71.00%,100.00%
Orange soda ,#FA5B3D ,98.00%,36.00%,24.00%,10° ,95.00%,61.00%,76.00%,98.00%
Orange-yellow ,#F5BD1F ,96.00%,74.00%,12.00%,44° ,92.00%,54.00%,87.00%,96.00%
Orange-yellow (Crayola) ,#F8D568 ,97.00%,84.00%,41.00%,45° ,91.00%,69.00%,58.00%,97.00%
Orchid ,#DA70D6 ,85.00%,44.00%,84.00%,302° ,59.00%,65.00%,49.00%,85.00%
Orchid pink ,#F2BDCD ,95.00%,74.00%,80.00%,342° ,67.00%,85.00%,22.00%,95.00%
Orchid (Crayola) ,#E29CD2 ,89.00%,61.00%,82.00%,314° ,55.00%,75.00%,31.00%,89.00%
Outer space (Crayola) ,#2D383A ,18.00%,22.00%,23.00%,189° ,13.00%,20.00%,22.00%,23.00%
Outrageous Orange ,#FF6E4A ,100.00%,43.00%,29.00%,12° ,100.00%,65.00%,71.00%,100.00%
Oxblood ,#4A0000 ,29.00%,0.00%,0.00%,0° ,100.00%,15.00%,100.00%,29.00%
Oxford blue ,#002147 ,0.00%,13.00%,28.00%,212° ,100.00%,14.00%,100.00%,28.00%
OU Crimson red ,#841617 ,52.00%,9.00%,9.00%,360° ,71.00%,30.00%,83.00%,52.00%
Pacific blue ,#1CA9C9 ,11.00%,66.00%,79.00%,191° ,76.00%,45.00%,86.00%,79.00%
Pakistan green ,#006600 ,0.00%,40.00%,0.00%,120° ,100.00%,20.00%,100.00%,40.00%
Palatinate purple ,#682860 ,41.00%,16.00%,38.00%,308° ,44.00%,28.00%,62.00%,41.00%
Pale aqua ,#BED3E5 ,75.00%,83.00%,90.00%,208° ,43.00%,84.00%,17.00%,90.00%
Pale cerulean ,#9BC4E2 ,61.00%,77.00%,89.00%,205° ,55.00%,75.00%,31.00%,89.00%
Pale Dogwood ,#ED7A9B ,93.00%,48.00%,61.00%,334° ,76.00%,70.00%,48.00%,92.00%
Pale pink ,#FADADD ,98.00%,85.00%,87.00%,354° ,76.00%,92.00%,13.00%,98.00%
Pale purple (Pantone) ,#FAE6FA ,98.00%,90.00%,98.00%,300° ,67.00%,94.00%,8.00%,98.00%
Pale spring bud ,#ECEBBD ,93.00%,92.00%,74.00%,59° ,55.00%,83.00%,20.00%,93.00%
Pansy purple ,#78184A ,47.00%,9.00%,29.00%,329° ,67.00%,28.00%,80.00%,47.00%
Paolo Veronese green ,#009B7D ,0.00%,61.00%,49.00%,168° ,100.00%,30.00%,100.00%,61.00%
Papaya whip ,#FFEFD5 ,100.00%,94.00%,84.00%,37° ,100.00%,92.00%,16.00%,100.00%
Paradise pink ,#E63E62 ,90.00%,24.00%,38.00%,347° ,77.00%,57.00%,73.00%,90.00%
Parchment ,#F1E9D2 ,95.00%,91.00%,82.00%,45° ,53.00%,88.00%,13.00%,95.00%
Paris Green ,#50C878 ,31.00%,78.00%,47.00%,140° ,52.00%,55.00%,60.00%,78.00%
Pastel pink ,#DEA5A4 ,87.00%,65.00%,64.00%,1° ,47.00%,76.00%,26.00%,87.00%
Patriarch ,#800080 ,50.00%,0.00%,50.00%,300° ,100.00%,25.00%,100.00%,50.00%
Paua ,#1F005E ,12.00%,0.00%,37.00%,260° ,100.00%,18.00%,100.00%,37.00%
Payne's grey ,#536878 ,33.00%,41.00%,47.00%,206° ,18.00%,40.00%,31.00%,47.00%
Peach ,#FFE5B4 ,100.00%,90.00%,71.00%,39° ,100.00%,85.00%,29.00%,100.00%
Peach (Crayola) ,#FFCBA4 ,100.00%,80.00%,64.00%,26° ,100.00%,82.00%,36.00%,100.00%
Peach puff ,#FFDAB9 ,100.00%,85.00%,73.00%,28° ,100.00%,86.00%,27.00%,100.00%
Pear ,#D1E231 ,82.00%,89.00%,19.00%,66° ,75.00%,54.00%,78.00%,89.00%
Pearly purple ,#B768A2 ,72.00%,41.00%,64.00%,316° ,35.00%,56.00%,43.00%,72.00%
Periwinkle ,#CCCCFF ,80.00%,80.00%,100.00%,240° ,100.00%,90.00%,20.00%,100.00%
Periwinkle (Crayola) ,#C3CDE6 ,76.00%,80.00%,90.00%,223° ,41.00%,83.00%,15.00%,90.00%
Permanent Geranium Lake ,#E12C2C ,88.00%,17.00%,17.00%,0° ,75.00%,53.00%,80.00%,88.00%
Persian blue ,#1C39BB ,11.00%,22.00%,73.00%,229° ,74.00%,42.00%,85.00%,73.00%
Persian green ,#00A693 ,0.00%,65.00%,58.00%,173° ,100.00%,33.00%,100.00%,65.00%
Persian indigo ,#32127A ,20.00%,7.00%,48.00%,258° ,74.00%,27.00%,85.00%,48.00%
Persian orange ,#D99058 ,85.00%,56.00%,35.00%,26° ,63.00%,60.00%,59.00%,85.00%
Persian pink ,#F77FBE ,97.00%,50.00%,75.00%,329° ,88.00%,73.00%,49.00%,97.00%
Persian plum ,#701C1C ,44.00%,11.00%,11.00%,0° ,60.00%,27.00%,75.00%,44.00%
Persian red ,#CC3333 ,80.00%,20.00%,20.00%,0° ,60.00%,50.00%,75.00%,80.00%
Persian rose ,#FE28A2 ,100.00%,16.00%,64.00%,326° ,99.00%,58.00%,84.00%,100.00%
Persimmon ,#EC5800 ,93.00%,35.00%,0.00%,22° ,100.00%,46.00%,100.00%,93.00%
Pewter Blue ,#8BA8B7 ,55.00%,66.00%,72.00%,200° ,23.00%,63.00%,24.00%,72.00%
Phlox ,#DF00FF ,87.00%,0.00%,100.00%,292° ,100.00%,50.00%,100.00%,100.00%
Phthalo blue ,#000F89 ,0.00%,6.00%,54.00%,233° ,100.00%,27.00%,100.00%,54.00%
Phthalo green ,#123524 ,7.00%,21.00%,14.00%,151° ,49.00%,14.00%,66.00%,21.00%
Picotee blue ,#2E2787 ,18.00%,15.00%,53.00%,244° ,55.00%,34.00%,71.00%,53.00%
Pictorial carmine ,#C30B4E ,76.00%,4.00%,31.00%,338° ,89.00%,40.00%,94.00%,76.00%
Piggy pink ,#FDDDE6 ,99.00%,87.00%,90.00%,343° ,89.00%,93.00%,13.00%,99.00%
Pine green ,#01796F ,0.00%,47.00%,44.00%,175° ,98.00%,24.00%,99.00%,47.00%
Pine green ,#2A2F23 ,16.00%,18.00%,14.00%,85° ,15.00%,16.00%,26.00%,18.00%
Pink ,#FFC0CB ,100.00%,75.00%,80.00%,350° ,100.00%,88.00%,25.00%,100.00%
Pink (Pantone) ,#D74894 ,84.00%,28.00%,58.00%,328° ,64.00%,56.00%,67.00%,84.00%
Pink lace ,#FFDDF4 ,100.00%,87.00%,96.00%,319° ,100.00%,93.00%,13.00%,100.00%
Pink lavender ,#D8B2D1 ,85.00%,70.00%,82.00%,311° ,33.00%,77.00%,18.00%,85.00%
Pink Sherbet ,#F78FA7 ,97.00%,56.00%,65.00%,346° ,87.00%,76.00%,42.00%,97.00%
Pistachio ,#93C572 ,58.00%,77.00%,45.00%,96° ,42.00%,61.00%,42.00%,77.00%
Platinum ,#E5E4E2 ,90.00%,89.00%,89.00%,40° ,6.00%,89.00%,1.00%,90.00%
Plum ,#8E4585 ,56.00%,27.00%,52.00%,307° ,35.00%,41.00%,51.00%,56.00%
Plum (web) ,#DDA0DD ,87.00%,63.00%,87.00%,300° ,47.00%,75.00%,28.00%,87.00%
Plump Purple ,#5946B2 ,35.00%,27.00%,70.00%,251° ,44.00%,49.00%,61.00%,70.00%
Polished Pine ,#5DA493 ,36.00%,64.00%,58.00%,166° ,28.00%,50.00%,43.00%,64.00%
Pomp and Power ,#86608E ,53.00%,38.00%,56.00%,290° ,19.00%,47.00%,32.00%,56.00%
Popstar ,#BE4F62 ,75.00%,31.00%,38.00%,350° ,46.00%,53.00%,58.00%,75.00%
Portland Orange ,#FF5A36 ,100.00%,35.00%,21.00%,11° ,100.00%,61.00%,79.00%,100.00%
Powder blue ,#B0E0E6 ,69.00%,88.00%,90.00%,187° ,52.00%,80.00%,23.00%,90.00%
Prairie gold ,#E1CA7A ,88.00%,79.00%,48.00%,47° ,63.00%,84.00%,46.00%,88.00%
Princeton orange ,#F58025 ,96.00%,50.00%,15.00%,26° ,91.00%,55.00%,85.00%,96.00%
Prune ,#701C1C ,44.00%,11.00%,11.00%,0° ,60.00%,27.00%,75.00%,44.00%
Prussian blue ,#003153 ,0.00%,19.00%,33.00%,205° ,100.00%,16.00%,100.00%,33.00%
Psychedelic purple ,#DF00FF ,87.00%,0.00%,100.00%,292° ,100.00%,50.00%,100.00%,100.00%
Puce ,#CC8899 ,80.00%,53.00%,60.00%,345° ,40.00%,67.00%,33.00%,80.00%
Pullman Brown (UPS Brown) ,#644117 ,39.00%,25.00%,9.00%,33° ,63.00%,24.00%,77.00%,39.00%
Pumpkin ,#FF7518 ,100.00%,46.00%,9.00%,24° ,100.00%,55.00%,91.00%,100.00%
Purple ,#6A0DAD ,38.00%,0.00%,50.00%,275° ,100.00%,37.00%,92.00%,68.00%
Purple (web) ,#800080 ,50.00%,0.00%,50.00%,300° ,100.00%,25.00%,100.00%,50.00%
Purple (Munsell) ,#9F00C5 ,62.00%,0.00%,77.00%,288° ,100.00%,39.00%,100.00%,77.00%
Purple (X11) ,#A020F0 ,63.00%,13.00%,94.00%,277° ,87.00%,53.00%,87.00%,94.00%
Purple mountain majesty ,#9678B6 ,59.00%,47.00%,71.00%,269° ,30.00%,59.00%,34.00%,71.00%
Purple navy ,#4E5180 ,31.00%,32.00%,50.00%,236° ,24.00%,40.00%,39.00%,50.00%
Purple pizzazz,#FE4EDA ,100.00%,31.00%,85.00%,312° ,99.00%,65.00%,69.00%,100.00%
Purple Plum ,#9C51B6 ,61.00%,32.00%,71.00%,285° ,41.00%,52.00%,56.00%,71.00%
Purpureus ,#9A4EAE ,60.00%,31.00%,68.00%,288° ,38.00%,49.00%,55.00%,68.00%
Queen blue ,#436B95 ,26.00%,42.00%,58.00%,211° ,38.00%,42.00%,55.00%,58.00%
Queen pink ,#E8CCD7 ,91.00%,80.00%,84.00%,336° ,38.00%,85.00%,12.00%,91.00%
Quick Silver ,#A6A6A6 ,65.00%,65.00%,65.00%,—° ,0.00%,65.00%,0.00%,65.00%
Quinacridone magenta ,#8E3A59 ,56.00%,23.00%,35.00%,338° ,42.00%,39.00%,59.00%,56.00%
Radical Red ,#FF355E ,100.00%,21.00%,37.00%,348° ,100.00%,60.00%,79.00%,100.00%
Raisin black ,#242124 ,14.00%,13.00%,14.00%,300° ,4.00%,14.00%,8.00%,14.00%
Rajah ,#FBAB60 ,98.00%,67.00%,38.00%,29° ,95.00%,68.00%,62.00%,98.00%
Raspberry ,#E30B5D ,89.00%,4.00%,36.00%,337° ,91.00%,47.00%,95.00%,89.00%
Raspberry glacé ,#915F6D ,57.00%,37.00%,43.00%,343° ,21.00%,47.00%,34.00%,57.00%
Raspberry rose ,#B3446C ,70.00%,27.00%,42.00%,338° ,45.00%,48.00%,62.00%,70.00%
Raw sienna ,#D68A59 ,84.00%,54.00%,35.00%,24° ,60.00%,59.00%,58.00%,84.00%
Raw umber ,#826644 ,51.00%,40.00%,27.00%,33° ,31.00%,39.00%,48.00%,51.00%
Razzle dazzle rose ,#FF33CC ,100.00%,20.00%,80.00%,315° ,100.00%,60.00%,80.00%,100.00%
Razzmatazz ,#E3256B ,89.00%,15.00%,42.00%,338° ,77.00%,52.00%,84.00%,89.00%
Razzmic Berry ,#8D4E85 ,55.00%,31.00%,52.00%,308° ,29.00%,43.00%,45.00%,55.00%
Rebecca Purple ,#663399 ,40.00%,20.00%,60.00%,270° ,49.00%,40.00%,67.00%,60.00%
Red ,#FF0000 ,100.00%,0.00%,0.00%,0° ,100.00%,50.00%,100.00%,100.00%
Red (Crayola) ,#EE204D ,93.00%,13.00%,30.00%,347° ,86.00%,53.00%,87.00%,93.00%
Red (Munsell) ,#F2003C ,95.00%,0.00%,24.00%,345° ,100.00%,47.00%,100.00%,95.00%
Red (NCS) ,#C40233 ,77.00%,1.00%,20.00%,345° ,98.00%,39.00%,99.00%,77.00%
Red (Pantone) ,#ED2939 ,93.00%,16.00%,22.00%,355° ,85.00%,55.00%,83.00%,93.00%
Red (pigment) ,#ED1C24 ,93.00%,11.00%,14.00%,358° ,85.00%,52.00%,88.00%,93.00%
Red (RYB) ,#FE2712 ,100.00%,15.00%,7.00%,5° ,99.00%,53.00%,93.00%,100.00%
Red-orange ,#FF5349 ,100.00%,33.00%,29.00%,3° ,100.00%,64.00%,71.00%,100.00%
Red-orange (Crayola) ,#FF681F ,100.00%,41.00%,12.00%,20° ,100.00%,56.00%,88.00%,100.00%
Red-orange (Color wheel) ,#FF4500 ,100.00%,27.00%,0.00%,16° ,100.00%,50.00%,100.00%,100.00%
Red-purple ,#E40078 ,89.00%,0.00%,47.00%,328° ,100.00%,45.00%,100.00%,89.00%
Red Salsa ,#FD3A4A ,99.00%,23.00%,29.00%,355° ,98.00%,61.00%,77.00%,99.00%
Red-violet ,#C71585 ,78.00%,8.00%,52.00%,322° ,81.00%,43.00%,89.00%,78.00%
Red-violet (Crayola) ,#C0448F ,75.00%,27.00%,56.00%,324° ,50.00%,51.00%,65.00%,75.00%
Red-violet (Color wheel) ,#922B3E ,57.00%,17.00%,24.00%,350° ,55.00%,37.00%,71.00%,57.00%
Redwood ,#A45A52 ,64.00%,35.00%,32.00%,6° ,33.00%,48.00%,50.00%,64.00%
Resolution blue ,#002387 ,0.00%,14.00%,53.00%,224° ,100.00%,26.00%,100.00%,53.00%
Rhythm ,#777696 ,47.00%,46.00%,59.00%,242° ,13.00%,53.00%,21.00%,59.00%
Rich black ,#004040 ,0.00%,25.00%,25.00%,180° ,100.00%,13.00%,100.00%,25.00%
Rich black (FOGRA29) ,#010B13 ,0.00%,4.00%,7.00%,207° ,90.00%,4.00%,95.00%,8.00%
Rich black (FOGRA39) ,#010203 ,0.00%,1.00%,1.00%,210° ,50.00%,1.00%,67.00%,1.00%
Rifle green ,#444C38 ,27.00%,30.00%,22.00%,84° ,15.00%,26.00%,26.00%,30.00%
Robin egg blue ,#00CCCC ,0.00%,80.00%,80.00%,180° ,100.00%,40.00%,100.00%,80.00%
Rocket metallic ,#8A7F80 ,54.00%,50.00%,50.00%,355° ,5.00%,52.00%,8.00%,54.00%
Rojo Spanish red ,#A91101 ,66.00%,7.00%,0.00%,6° ,99.00%,33.00%,99.00%,66.00%
Roman silver ,#838996 ,51.00%,54.00%,59.00%,221° ,8.00%,55.00%,13.00%,59.00%
Rose ,#FF007F ,100.00%,0.00%,50.00%,330° ,100.00%,50.00%,100.00%,100.00%
Rose bonbon ,#F9429E ,98.00%,26.00%,62.00%,330° ,94.00%,62.00%,73.00%,98.00%
Rose Dust ,#9E5E6F ,62.00%,37.00%,44.00%,344° ,25.00%,49.00%,41.00%,62.00%
Rose ebony ,#674846 ,40.00%,28.00%,27.00%,4° ,19.00%,34.00%,32.00%,40.00%
Rose madder ,#E32636 ,89.00%,15.00%,21.00%,355° ,77.00%,52.00%,83.00%,89.00%
Rose pink ,#FF66CC ,100.00%,40.00%,80.00%,320° ,100.00%,70.00%,60.00%,100.00%
Rose Pompadour ,#ED7A9B ,93.00%,48.00%,61.00%,334° ,76.00%,70.00%,48.00%,92.00%
Rose red ,#C21E56 ,76.00%,12.00%,34.00%,340° ,73.00%,44.00%,85.00%,76.00%
Rose taupe ,#905D5D ,56.00%,36.00%,36.00%,0° ,22.00%,46.00%,35.00%,56.00%
Rose vale ,#AB4E52 ,67.00%,31.00%,32.00%,357° ,37.00%,49.00%,54.00%,67.00%
Rosewood ,#65000B ,40.00%,0.00%,4.00%,353° ,100.00%,20.00%,100.00%,40.00%
Rosso corsa ,#D40000 ,83.00%,0.00%,0.00%,0° ,100.00%,42.00%,100.00%,83.00%
Rosy brown ,#BC8F8F ,74.00%,56.00%,56.00%,0° ,25.00%,65.00%,24.00%,74.00%
Royal blue (dark) ,#002366 ,0.00%,14.00%,40.00%,219° ,100.00%,20.00%,100.00%,40.00%
Royal blue (light) ,#4169E1 ,25.00%,41.00%,88.00%,225° ,73.00%,57.00%,71.00%,88.00%
Royal purple ,#7851A9 ,47.00%,32.00%,66.00%,267° ,35.00%,49.00%,52.00%,66.00%
Royal yellow ,#FADA5E ,98.00%,85.00%,37.00%,48° ,94.00%,67.00%,62.00%,98.00%
Ruber ,#CE4676 ,81.00%,27.00%,46.00%,339° ,58.00%,54.00%,66.00%,81.00%
Rubine red ,#D10056 ,82.00%,0.00%,34.00%,335° ,100.00%,41.00%,100.00%,82.00%
Ruby ,#E0115F ,88.00%,7.00%,37.00%,337° ,86.00%,47.00%,92.00%,88.00%
Ruby red ,#9B111E ,61.00%,7.00%,12.00%,354° ,80.00%,34.00%,89.00%,61.00%
Rufous ,#A81C07 ,66.00%,11.00%,3.00%,8° ,92.00%,34.00%,96.00%,66.00%
Russet ,#80461B ,50.00%,27.00%,11.00%,26° ,65.00%,30.00%,79.00%,50.00%
Russian green ,#679267 ,40.00%,57.00%,40.00%,120° ,17.00%,49.00%,29.00%,57.00%
Russian violet ,#32174D ,20.00%,9.00%,30.00%,270° ,54.00%,20.00%,70.00%,30.00%
Rust ,#B7410E ,72.00%,25.00%,5.00%,18° ,86.00%,39.00%,92.00%,72.00%
Rusty red ,#DA2C43 ,85.00%,17.00%,26.00%,352° ,70.00%,51.00%,80.00%,85.00%
Sacramento State green ,#043927 ,2.00%,22.00%,15.00%,160° ,87.00%,12.00%,93.00%,22.00%
Saddle brown ,#8B4513 ,55.00%,27.00%,7.00%,25° ,76.00%,31.00%,86.00%,55.00%
Safety orange ,#FF7800 ,100.00%,47.00%,0.00%,28° ,100.00%,50.00%,100.00%,100.00%
Safety orange (blaze orange) ,#FF6700 ,100.00%,40.00%,0.00%,24° ,100.00%,50.00%,100.00%,100.00%
Safety yellow ,#EED202 ,93.00%,82.00%,1.00%,53° ,98.00%,47.00%,99.00%,93.00%
Saffron ,#F4C430 ,96.00%,77.00%,19.00%,45° ,90.00%,57.00%,80.00%,96.00%
Sage ,#BCB88A ,74.00%,72.00%,54.00%,55° ,27.00%,64.00%,27.00%,74.00%
St. Patrick's blue ,#23297A ,14.00%,16.00%,48.00%,236° ,55.00%,31.00%,71.00%,48.00%
Salmon ,#FA8072 ,98.00%,50.00%,45.00%,6° ,93.00%,71.00%,54.00%,98.00%
Salmon pink ,#FF91A4 ,100.00%,57.00%,64.00%,350° ,100.00%,78.00%,43.00%,100.00%
Sand ,#C2B280 ,76.00%,70.00%,50.00%,45° ,35.00%,63.00%,34.00%,76.00%
Sand dune ,#967117 ,59.00%,44.00%,9.00%,43° ,73.00%,34.00%,85.00%,59.00%
Sandy brown ,#F4A460 ,96.00%,64.00%,38.00%,28° ,87.00%,67.00%,61.00%,96.00%
Sap green ,#507D2A ,31.00%,49.00%,16.00%,93° ,50.00%,33.00%,66.00%,49.00%
Sapphire ,#0F52BA ,6.00%,32.00%,73.00%,216° ,85.00%,39.00%,92.00%,73.00%
Sapphire blue ,#0067A5 ,0.00%,40.00%,65.00%,203° ,100.00%,32.00%,100.00%,65.00%
Sapphire (Crayola) ,#2D5DA1 ,18.00%,36.00%,63.00%,215° ,56.00%,40.00%,72.00%,35.00%
Satin sheen gold ,#CBA135 ,80.00%,63.00%,21.00%,43° ,59.00%,50.00%,74.00%,80.00%
Scarlet ,#FF2400 ,100.00%,14.00%,0.00%,8° ,100.00%,50.00%,100.00%,100.00%
Schauss pink ,#FF91AF ,100.00%,57.00%,69.00%,344° ,100.00%,78.00%,43.00%,100.00%
School bus yellow ,#FFD800 ,100.00%,85.00%,0.00%,51° ,100.00%,50.00%,100.00%,100.00%
Screamin' Green ,#66FF66 ,40.00%,100.00%,40.00%,120° ,100.00%,70.00%,60.00%,100.00%
Sea green ,#2E8B57 ,18.00%,55.00%,34.00%,146° ,50.00%,36.00%,67.00%,55.00%
Sea green (Crayola) ,#00FFCD ,0.00%,100.00%,80.00%,168° ,100.00%,50.00%,100.00%,100.00%
Seance ,#612086 ,38.00%,13.00%,53.00%,278° ,61.00%,33.00%,76.00%,53.00%
Seal brown ,#59260B ,20.00%,8.00%,8.00%,0° ,43.00%,14.00%,60.00%,20.00%
Seashell ,#FFF5EE ,100.00%,96.00%,93.00%,25° ,100.00%,97.00%,7.00%,100.00%
Secret ,#764374 ,46.00%,26.00%,45.00%,302° ,28.00%,36.00%,43.00%,46.00%
Selective yellow ,#FFBA00 ,100.00%,73.00%,0.00%,44° ,100.00%,50.00%,100.00%,100.00%
Sepia ,#704214 ,44.00%,26.00%,8.00%,30° ,70.00%,26.00%,82.00%,44.00%
Shadow ,#8A795D ,54.00%,47.00%,36.00%,37° ,20.00%,45.00%,33.00%,54.00%
Shadow blue ,#778BA5 ,47.00%,55.00%,65.00%,214° ,20.00%,56.00%,28.00%,65.00%
Shamrock green ,#009E60 ,0.00%,62.00%,38.00%,156° ,100.00%,31.00%,100.00%,62.00%
Sheen green ,#8FD400 ,56.00%,83.00%,0.00%,80° ,100.00%,42.00%,100.00%,83.00%
Shimmering Blush ,#D98695 ,85.00%,53.00%,58.00%,349° ,52.00%,69.00%,38.00%,85.00%
Shiny Shamrock ,#5FA778 ,37.00%,65.00%,47.00%,141° ,29.00%,51.00%,43.00%,66.00%
Shocking pink ,#FC0FC0 ,99.00%,6.00%,75.00%,315° ,98.00%,52.00%,94.00%,99.00%
Shocking pink (Crayola) ,#FF6FFF ,100.00%,44.00%,100.00%,300° ,100.00%,72.00%,56.00%,100.00%
Sienna ,#882D17 ,53.00%,18.00%,9.00%,12° ,71.00%,31.00%,83.00%,53.00%
Silver ,#C0C0C0 ,75.00%,75.00%,75.00%,—° ,0.00%,75.00%,0.00%,75.00%
Silver (Crayola) ,#C9C0BB ,79.00%,75.00%,73.00%,21° ,12.00%,76.00%,7.00%,79.00%
Silver (Metallic) ,#AAA9AD ,67.00%,66.00%,68.00%,255° ,2.00%,67.00%,2.00%,68.00%
Silver chalice ,#ACACAC ,67.00%,67.00%,67.00%,—° ,0.00%,67.00%,0.00%,67.00%
Silver pink ,#C4AEAD ,77.00%,68.00%,68.00%,3° ,16.00%,72.00%,12.00%,77.00%
Silver sand ,#BFC1C2 ,75.00%,76.00%,76.00%,200° ,2.00%,75.00%,2.00%,76.00%
Sinopia ,#CB410B ,80.00%,25.00%,4.00%,17° ,90.00%,42.00%,95.00%,80.00%
Sizzling Red ,#FF3855 ,100.00%,22.00%,33.00%,351° ,100.00%,61.00%,78.00%,100.00%
Sizzling Sunrise ,#FFDB00 ,100.00%,86.00%,0.00%,52° ,100.00%,50.00%,100.00%,100.00%
Skobeloff ,#007474 ,0.00%,45.00%,45.00%,180° ,100.00%,23.00%,100.00%,45.00%
Sky blue ,#87CEEB ,53.00%,81.00%,92.00%,197° ,71.00%,73.00%,43.00%,92.00%
Sky blue (Crayola) ,#76D7EA ,46.00%,84.00%,92.00%,190° ,73.00%,69.00%,50.00%,92.00%
Sky magenta ,#CF71AF ,81.00%,44.00%,69.00%,320° ,50.00%,63.00%,45.00%,81.00%
Slate blue ,#6A5ACD ,42.00%,35.00%,80.00%,248° ,54.00%,58.00%,56.00%,80.00%
Slate gray ,#708090 ,44.00%,50.00%,56.00%,210° ,13.00%,50.00%,22.00%,56.00%
Slimy green ,#299617 ,16.00%,59.00%,9.00%,111° ,73.00%,34.00%,85.00%,59.00%
Smitten ,#C84186 ,78.00%,25.00%,53.00%,329° ,55.00%,52.00%,68.00%,78.00%
Smoky black ,#100C08 ,6.00%,5.00%,3.00%,30° ,33.00%,5.00%,50.00%,6.00%
Snow ,#FFFAFA ,100.00%,98.00%,98.00%,0° ,100.00%,99.00%,2.00%,76.00%
Solid pink ,#893843 ,54.00%,22.00%,26.00%,352° ,42.00%,38.00%,59.00%,54.00%
Sonic silver ,#757575 ,46.00%,46.00%,46.00%,—° ,0.00%,46.00%,0.00%,46.00%
Space cadet ,#1D2951 ,11.00%,16.00%,32.00%,226° ,47.00%,22.00%,64.00%,32.00%
Spanish bistre ,#807532 ,50.00%,46.00%,20.00%,52° ,44.00%,35.00%,61.00%,50.00%
Spanish blue ,#0070B8 ,0.00%,44.00%,72.00%,203° ,100.00%,36.00%,100.00%,72.00%
Spanish carmine ,#D10047 ,82.00%,0.00%,28.00%,340° ,100.00%,41.00%,100.00%,82.00%
Spanish gray ,#989898 ,60.00%,60.00%,60.00%,—° ,0.00%,60.00%,0.00%,60.00%
Spanish green ,#009150 ,0.00%,57.00%,31.00%,153° ,100.00%,28.00%,100.00%,57.00%
Spanish orange ,#E86100 ,91.00%,38.00%,0.00%,25° ,100.00%,45.00%,100.00%,91.00%
Spanish pink ,#F7BFBE ,97.00%,75.00%,75.00%,1° ,78.00%,86.00%,23.00%,97.00%
Spanish red ,#E60026 ,90.00%,0.00%,15.00%,350° ,100.00%,45.00%,100.00%,90.00%
Spanish sky blue ,#00FFFE ,0.00%,100.00%,100.00%,180° ,100.00%,50.00%,100.00%,100.00%
Spanish violet ,#4C2882 ,30.00%,16.00%,51.00%,264° ,53.00%,33.00%,69.00%,51.00%
Spanish viridian ,#007F5C ,0.00%,50.00%,36.00%,163° ,100.00%,25.00%,100.00%,50.00%
Spring bud ,#A7FC00 ,65.00%,99.00%,0.00%,80° ,100.00%,49.00%,100.00%,99.00%
Spring Frost ,#87FF2A ,53.00%,100.00%,16.00%,94° ,100.00%,58.00%,84.00%,100.00%
Spring green ,#00FF7F ,0.00%,100.00%,50.00%,150° ,100.00%,50.00%,100.00%,100.00%
Spring green (Crayola) ,#ECEBBD ,93.00%,92.00%,74.00%,59° ,55.00%,83.00%,20.00%,93.00%
Star command blue ,#007BB8 ,0.00%,48.00%,72.00%,200° ,100.00%,36.00%,100.00%,72.00%
Steel blue ,#4682B4 ,27.00%,51.00%,71.00%,207° ,44.00%,49.00%,61.00%,71.00%
Steel pink ,#CC33CC ,80.00%,20.00%,80.00%,300° ,60.00%,50.00%,75.00%,80.00%
Stil de grain yellow ,#FADA5E ,98.00%,85.00%,37.00%,48° ,94.00%,67.00%,62.00%,98.00%
Straw ,#E4D96F ,89.00%,85.00%,44.00%,54° ,68.00%,66.00%,51.00%,89.00%
Strawberry ,#FA5053 ,98.00%,31.00%,33.00%,359° ,94.00%,65.00%,68.00%,98.00%
Strawberry Blonde ,#FF9361 ,100.00%,58.00%,38.00%,19° ,100.00%,69.00%,62.00%,100.00%
Strong Lime Green ,#33CC33 ,20.00%,80.00%,20.00%,120° ,60.00%,69.00%,62.00%,100.00%
Sugar Plum ,#914E75 ,57.00%,31.00%,46.00%,325° ,30.00%,44.00%,46.00%,57.00%
Sunglow ,#FFCC33 ,100.00%,80.00%,20.00%,45° ,100.00%,60.00%,80.00%,100.00%
Sunray ,#E3AB57 ,89.00%,67.00%,34.00%,36° ,71.00%,62.00%,62.00%,89.00%
Sunset ,#FAD6A5 ,98.00%,84.00%,65.00%,35° ,90.00%,81.00%,34.00%,98.00%
Super pink ,#CF6BA9 ,81.00%,42.00%,66.00%,323° ,51.00%,62.00%,48.00%,81.00%
Sweet Brown ,#A83731 ,66.00%,22.00%,19.00%,3° ,55.00%,43.00%,71.00%,66.00%
Syracuse Orange ,#D44500 ,83.00%,27.00%,0.00%,9° ,100.00%,42.00%,72.00%,100.00%
Tan ,#D2B48C ,82.00%,71.00%,55.00%,25° ,44.00%,69.00%,33.00%,82.00%
Tan (Crayola) ,#D99A6C ,85.00%,60.00%,42.00%,34° ,59.00%,64.00%,50.00%,85.00%
Tangerine ,#F28500 ,95.00%,52.00%,0.00%,33° ,100.00%,47.00%,100.00%,95.00%
Tango pink ,#E4717A ,89.00%,44.00%,48.00%,355° ,68.00%,67.00%,50.00%,89.00%
Tart Orange ,#FB4D46 ,98.00%,30.00%,27.00%,2° ,96.00%,63.00%,72.00%,98.00%
Taupe ,#483C32 ,28.00%,24.00%,20.00%,27° ,18.00%,24.00%,31.00%,28.00%
Taupe gray ,#8B8589 ,55.00%,52.00%,54.00%,320° ,3.00%,53.00%,4.00%,55.00%
Tea green ,#D0F0C0 ,82.00%,94.00%,75.00%,100° ,62.00%,85.00%,20.00%,94.00%
Tea rose ,#F4C2C2 ,96.00%,76.00%,76.00%,0° ,69.00%,86.00%,20.00%,96.00%
Teal ,#008080 ,0.00%,50.00%,50.00%,180° ,100.00%,25.00%,100.00%,50.00%
Teal blue ,#367588 ,21.00%,46.00%,53.00%,194° ,43.00%,37.00%,60.00%,53.00%
Technobotanica ,#00FFBF ,0.00%,100.00%,75.00%,165° ,100.00%,50.00%,100.00%,100.00%
Telemagenta ,#CF3476 ,81.00%,20.00%,46.00%,334° ,62.00%,51.00%,75.00%,81.00%
Tenné (tawny) ,#CD5700 ,80.00%,34.00%,0.00%,25° ,100.00%,40.00%,100.00%,80.00%
Terra cotta ,#E2725B ,89.00%,45.00%,36.00%,10° ,70.00%,62.00%,60.00%,89.00%
Thistle ,#D8BFD8 ,85.00%,75.00%,85.00%,300° ,24.00%,80.00%,12.00%,85.00%
Thulian pink ,#DE6FA1 ,87.00%,44.00%,63.00%,333° ,63.00%,65.00%,50.00%,87.00%
Tickle Me Pink ,#FC89AC ,99.00%,54.00%,67.00%,342° ,95.00%,76.00%,46.00%,99.00%
Tiffany Blue ,#0ABAB5 ,4.00%,73.00%,71.00%,178° ,90.00%,38.00%,95.00%,73.00%
Timberwolf ,#DBD7D2 ,86.00%,84.00%,82.00%,33° ,11.00%,84.00%,4.00%,86.00%
Titanium yellow ,#EEE600 ,93.00%,90.00%,0.00%,58° ,100.00%,47.00%,100.00%,93.00%
Tomato ,#FF6347 ,100.00%,39.00%,28.00%,9° ,100.00%,64.00%,72.00%,100.00%
Tourmaline ,#86A1A9 ,53.00%,63.00%,66.00%,194° ,17.00%,50.00%,17.00%,66.00%
Tropical rainforest ,#00755E ,0.00%,46.00%,37.00%,168° ,100.00%,23.00%,100.00%,46.00%
True Blue ,#2D68C4 ,0.00%,45.00%,81.00%,207° ,100.00%,41.00%,100.00%,81.00%
Trypan Blue ,#1C05B3 ,11.00%,2.00%,70.00%,248° ,95.00%,36.00%,95.00%,70.00%
Tufts blue ,#3E8EDE ,24.00%,56.00%,87.00%,210° ,71.00%,56.00%,70.70%,87.10%
Tumbleweed ,#DEAA88 ,87.00%,67.00%,53.00%,24° ,57.00%,70.00%,39.00%,87.00%
Turquoise ,#40E0D0 ,25.00%,88.00%,82.00%,174° ,72.00%,56.00%,71.00%,88.00%
Turquoise blue ,#00FFEF ,0.00%,100.00%,94.00%,176° ,100.00%,50.00%,100.00%,100.00%
Turquoise green ,#A0D6B4 ,63.00%,84.00%,71.00%,142° ,40.00%,73.00%,25.00%,84.00%
Turtle green ,#8A9A5B ,54.00%,60.00%,36.00%,75° ,26.00%,48.00%,41.00%,60.00%
Tuscan ,#FAD6A5 ,98.00%,84.00%,65.00%,35° ,90.00%,81.00%,34.00%,98.00%
Tuscan brown ,#6F4E37 ,44.00%,31.00%,22.00%,25° ,34.00%,33.00%,50.00%,44.00%
Tuscan red ,#7C4848 ,49.00%,28.00%,28.00%,0° ,27.00%,38.00%,42.00%,49.00%
Tuscan tan ,#A67B5B ,65.00%,48.00%,36.00%,26° ,30.00%,50.00%,45.00%,65.00%
Tuscany ,#C09999 ,75.00%,60.00%,60.00%,0° ,24.00%,68.00%,20.00%,75.00%
Twilight lavender ,#8A496B ,54.00%,29.00%,42.00%,329° ,31.00%,41.00%,47.00%,54.00%
Tyrian purple ,#66023C ,40.00%,1.00%,24.00%,325° ,96.00%,20.00%,98.00%,40.00%
UA blue ,#0033AA ,0.00%,20.00%,67.00%,222° ,100.00%,33.00%,100.00%,67.00%
UA red ,#D9004C ,85.00%,0.00%,30.00%,339° ,100.00%,43.00%,100.00%,85.00%
Ultramarine ,#3F00FF ,7.00%,4.00%,56.00%,244° ,87.00%,30.00%,93.00%,56.00%
Ultramarine blue ,#4166F5 ,25.00%,40.00%,96.00%,228° ,90.00%,61.00%,73.00%,96.00%
Ultra pink ,#FF6FFF ,100.00%,44.00%,100.00%,300° ,100.00%,72.00%,56.00%,100.00%
Ultra red ,#FC6C85 ,99.00%,42.00%,52.00%,350° ,96.00%,71.00%,57.00%,99.00%
Umber ,#635147 ,39.00%,32.00%,28.00%,21° ,17.00%,33.00%,28.00%,39.00%
Unbleached silk ,#FFDDCA ,100.00%,87.00%,79.00%,22° ,100.00%,90.00%,21.00%,100.00%
United Nations blue ,#009EDB ,0.00%,62.00%,86.00%,197° ,100.00%,43.00%,100.00%,86.00%
University of Pennsylvania red ,#A50021 ,65.00%,0.00%,13.00%,348° ,100.00%,32.00%,100.00%,65.00%
Unmellow yellow ,#FFFF66 ,100.00%,100.00%,40.00%,60° ,100.00%,70.00%,60.00%,100.00%
UP Forest green ,#014421 ,0.00%,27.00%,13.00%,149° ,97.00%,14.00%,99.00%,27.00%
UP maroon ,#7B1113 ,48.00%,7.00%,7.00%,359° ,76.00%,27.00%,86.00%,48.00%
Upsdell red ,#AE2029 ,68.00%,13.00%,16.00%,356° ,69.00%,40.00%,82.00%,68.00%
Uranian blue ,#AFDBF5 ,69.00%,86.00%,96.00%,202° ,78.00%,82.00%,29.00%,96.00%
USAFA blue ,#004F98 ,0.00%,31.00%,60.00%,209° ,100.00%,30.00%,100.00%,60.00%
Van Dyke brown ,#664228 ,40.00%,26.00%,16.00%,25° ,44.00%,28.00%,60.00%,0.00%
Vanilla ,#F3E5AB ,95.00%,90.00%,67.00%,48° ,75.00%,81.00%,30.00%,95.00%
Vanilla ice ,#F38FA9 ,95.00%,56.00%,66.00%,344° ,81.00%,76.00%,41.00%,95.00%
Vegas gold ,#C5B358 ,77.00%,70.00%,35.00%,50° ,48.00%,56.00%,55.00%,77.00%
Venetian red ,#C80815 ,78.00%,3.00%,8.00%,356° ,92.00%,41.00%,96.00%,78.00%
Verdigris ,#43B3AE ,26.00%,70.00%,68.00%,177° ,46.00%,48.00%,63.00%,70.00%
Vermilion ,#E34234 ,89.00%,26.00%,20.00%,5° ,76.00%,55.00%,77.00%,89.00%
Vermilion ,#D9381E ,85.00%,22.00%,12.00%,8° ,76.00%,48.00%,86.00%,85.00%
Veronica ,#A020F0 ,63.00%,13.00%,94.00%,277° ,87.00%,53.00%,87.00%,94.00%
Violet ,#8F00FF ,56.00%,0.00%,100.00%,274° ,100.00%,50.00%,100.00%,100.00%
Violet (color wheel) ,#7F00FF ,50.00%,0.00%,100.00%,270° ,100.00%,50.00%,100.00%,100.00%
Violet (crayola) ,#963D7F ,59.00%,24.00%,50.00%,316° ,42.00%,41.00%,59.00%,59.00%
Violet (RYB) ,#8601AF ,53.00%,0.00%,69.00%,286° ,99.00%,35.00%,99.00%,69.00%
Violet (web) ,#EE82EE ,93.00%,51.00%,93.00%,300° ,76.00%,72.00%,45.00%,93.00%
Violet-blue ,#324AB2 ,20.00%,29.00%,70.00%,229° ,56.00%,45.00%,72.00%,70.00%
Violet-blue (Crayola) ,#766EC8 ,46.00%,43.00%,78.00%,246° ,45.00%,61.00%,45.00%,78.00%
Violet-red ,#F75394 ,97.00%,33.00%,58.00%,336° ,91.00%,65.00%,66.00%,97.00%
Violet-red(PerBang) ,#F0599C ,94.00%,35.00%,61.00%,333° ,83.00%,65.00%,63.00%,94.00%
Viridian ,#40826D ,25.00%,51.00%,43.00%,161° ,34.00%,38.00%,51.00%,51.00%
Viridian green ,#009698 ,0.00%,59.00%,60.00%,181° ,100.00%,30.00%,100.00%,60.00%
Vivid burgundy ,#9F1D35 ,62.00%,11.00%,21.00%,349° ,69.00%,37.00%,82.00%,62.00%
Vivid sky blue ,#00CCFF ,0.00%,80.00%,100.00%,192° ,100.00%,50.00%,100.00%,100.00%
Vivid tangerine ,#FFA089 ,100.00%,63.00%,54.00%,12° ,100.00%,77.00%,46.00%,100.00%
Vivid violet ,#9F00FF ,62.00%,0.00%,100.00%,277° ,100.00%,50.00%,100.00%,100.00%
Volt ,#CEFF00 ,80.00%,100.00%,0.00%,72° ,100.00%,50.00%,100.00%,100.00%
Warm black ,#004242 ,0.00%,26.00%,26.00%,180° ,100.00%,13.00%,100.00%,25.00%
Weezy Blue ,#189BCC ,9.00%,61.00%,80.00%,196° ,79.00%,45.00%,88.00%,80.00%
Wheat ,#F5DEB3 ,96.00%,87.00%,70.00%,39° ,77.00%,83.00%,27.00%,96.00%
White ,#FFFFFF ,100.00%,100.00%,100.00%,—° ,0.00%,100.00%,0.00%,100.00%
Wild blue yonder ,#A2ADD0 ,64.00%,68.00%,82.00%,226° ,33.00%,73.00%,22.00%,82.00%
Wild orchid ,#D470A2 ,83.00%,44.00%,64.00%,330° ,54.00%,64.00%,47.00%,83.00%
Wild Strawberry ,#FF43A4 ,100.00%,26.00%,64.00%,329° ,100.00%,63.00%,74.00%,100.00%
Wild watermelon ,#FC6C85 ,99.00%,42.00%,52.00%,350° ,96.00%,71.00%,57.00%,99.00%
Windsor tan ,#A75502 ,65.00%,33.00%,1.00%,30° ,98.00%,33.00%,99.00%,65.00%
Wine ,#722F37 ,45.00%,18.00%,22.00%,353° ,42.00%,32.00%,59.00%,45.00%
Wine dregs ,#673147 ,40.00%,19.00%,28.00%,336° ,36.00%,30.00%,52.00%,40.00%
Winter Sky ,#FF007C ,100.00%,0.00%,49.00%,331° ,100.00%,50.00%,100.00%,100.00%
Wintergreen Dream ,#56887D ,34.00%,53.00%,49.00%,167° ,23.00%,44.00%,37.00%,53.00%
Wisteria ,#C9A0DC ,79.00%,63.00%,86.00%,281° ,46.00%,75.00%,27.00%,86.00%
Wood brown ,#C19A6B ,76.00%,60.00%,42.00%,33° ,41.00%,59.00%,45.00%,76.00%
Xanadu ,#738678 ,45.00%,53.00%,47.00%,136° ,8.00%,49.00%,14.00%,53.00%
Xanthic ,#EEED09 ,93.00%,93.00%,4.00%,60° ,93.00%,48.00%,97.00%,93.00%
Xanthous ,#F1B42F ,95.00%,71.00%,18.00%,41° ,87.00%,57.00%,80.00%,95.00%
Yale Blue ,#00356B ,0.00%,21.00%,42.00%,210° ,100.00%,21.00%,100.00%,42.00%
Yellow ,#FFFF00 ,100.00%,100.00%,0.00%,60° ,100.00%,50.00%,100.00%,100.00%
Yellow (Crayola) ,#FCE883 ,99.00%,91.00%,51.00%,50° ,95.00%,75.00%,48.00%,99.00%
Yellow (Munsell) ,#EFCC00 ,94.00%,80.00%,0.00%,51° ,100.00%,47.00%,100.00%,94.00%
Yellow (NCS) ,#FFD300 ,100.00%,83.00%,0.00%,50° ,100.00%,50.00%,100.00%,100.00%
Yellow (Pantone) ,#FEDF00 ,100.00%,87.00%,0.00%,53° ,100.00%,50.00%,100.00%,100.00%
Yellow (process) ,#FFEF00 ,100.00%,94.00%,0.00%,56° ,100.00%,50.00%,100.00%,100.00%
Yellow (RYB) ,#FEFE33 ,100.00%,100.00%,20.00%,60° ,99.00%,60.00%,80.00%,100.00%
Yellow-green ,#9ACD32 ,60.00%,80.00%,20.00%,80° ,61.00%,50.00%,76.00%,80.00%
Yellow-green (Crayola) ,#C5E384 ,77.00%,89.00%,52.00%,79° ,63.00%,70.00%,42.00%,89.00%
Yellow-green (Color Wheel) ,#30B21A ,19.00%,70.00%,10.00%,112° ,75.00%,40.00%,85.00%,70.00%
Yellow Orange ,#FFAE42 ,100.00%,68.00%,26.00%,34° ,100.00%,63.00%,74.00%,100.00%
Yellow Orange (Color Wheel) ,#FF9505 ,100.00%,58.00%,2.00%,36° ,100.00%,51.00%,98.00%,100.00%
Yellow Sunshine ,#FFF700 ,100.00%,97.00%,0.00%,58° ,100.00%,50.00%,100.00%,100.00%
YInMn Blue ,#2E5090 ,18.00%,31.00%,56.00%,219° ,52.00%,37.00%,68.00%,56.00%
Zaffre ,#0014A8 ,0.00%,8.00%,66.00%,233° ,100.00%,33.00%,100.00%,66.00%
Zinnwaldite brown ,#2C1608 ,17.00%,9.00%,3.00%,23° ,69.00%,10.00%,82.00%,17.00%
Zomp ,#39A78E ,22.00%,65.00%,56.00%,166° ,49.00%,44.00%,66.00%,65.00%
